index,Name,Param,Type,Size,Offset
0,PCMMODETYPE,nPortIndex,int,32,64
1,PCMMODETYPE,nChannels,int,32,96
2,PCMMODETYPE,eNumData,int,32,128
3,PCMMODETYPE,eEndian,int,32,160
4,PCMMODETYPE,bInterleaved,int,32,192
5,PCMMODETYPE,nBitPerSample,int,32,224
6,PCMMODETYPE,nSamplingRate,int,32,256
7,PCMMODETYPE,ePCMMode,int,32,288
8,PCMMODETYPE,eChannelMapping_0,int,32,320
9,PCMMODETYPE,eChannelMapping_1,int,32,352
10,PCMMODETYPE,eChannelMapping_2,int,32,384
11,PCMMODETYPE,eChannelMapping_3,int,32,416
12,PCMMODETYPE,eChannelMapping_4,int,32,448
13,PCMMODETYPE,eChannelMapping_5,int,32,480
14,PCMMODETYPE,eChannelMapping_6,int,32,512
15,PCMMODETYPE,eChannelMapping_7,int,32,544
16,PCMMODETYPE,eChannelMapping_8,int,32,576
17,PCMMODETYPE,eChannelMapping_9,int,32,608
18,PCMMODETYPE,eChannelMapping_10,int,32,640
19,PCMMODETYPE,eChannelMapping_11,int,32,672
20,PCMMODETYPE,eChannelMapping_12,int,32,704
21,PCMMODETYPE,eChannelMapping_13,int,32,736
22,PCMMODETYPE,eChannelMapping_14,int,32,768
23,PCMMODETYPE,eChannelMapping_15,int,32,800
24,VOLUMETYPE,nPortIndex,int,32,64
25,VOLUMETYPE,bLinear,int,32,96
26,VOLUMETYPE,sVolume.nValue,int,32,128
27,VOLUMETYPE,sVolume.nMin,int,32,160
28,VOLUMETYPE,sVolume.nMax,int,32,192
29,VOLUMETABLETYPE,nVolumeLevel_0,int,32,64
30,VOLUMETABLETYPE,nVolumeLevel_1,int,32,96
31,VOLUMETABLETYPE,nVolumeLevel_2,int,32,128
32,VOLUMETABLETYPE,nVolumeLevel_3,int,32,160
33,VOLUMETABLETYPE,nVolumeLevel_4,int,32,192
34,VOLUMETABLETYPE,nVolumeLevel_5,int,32,224
35,VOLUMETABLETYPE,nVolumeLevel_6,int,32,256
36,VOLUMETABLETYPE,nVolumeLevel_7,int,32,288
37,VOLUMETABLETYPE,nVolumeLevel_8,int,32,320
38,VOLUMETABLETYPE,nVolumeLevel_9,int,32,352
39,VOLUMETABLETYPE,nVolumeLevel_10,int,32,384
40,VOLUMETABLETYPE,nVolumeLevel_11,int,32,416
41,VOLUMETABLETYPE,nVolumeLevel_12,int,32,448
42,VOLUMETABLETYPE,nVolumeLevel_13,int,32,480
43,VOLUMETABLETYPE,nVolumeLevel_14,int,32,512
44,VOLUMETABLETYPE,nVolumeLevel_15,int,32,544
45,MUTETYPE,nPortIndex,int,32,64
46,MUTETYPE,bMute,int,32,96
47,CALLBACKREQUESTTYPE,nPortIndex,int,32,64
48,CALLBACKREQUESTTYPE,nIndex,int,32,96
49,CALLBACKREQUESTTYPE,bEnable,int,32,128
50,MDRCTYPE,nPortIndex,int,32,64
51,MDRCTYPE,nChannel,int,32,96
52,MDRCTYPE,bEnable,int,32,128
53,MDRCTYPE,sBandIndex.nValue,int,32,160
54,MDRCTYPE,sBandRange.nValue,int,32,256
55,MDRCTYPE,sBandLevel.nValue,int,32,352
56,MDRCTYPE,sKneePoints.nValue,int,32,448
57,MDRCTYPE,nDynamicResponse_0,int,32,544
58,MDRCTYPE,nDynamicResponse_1,int,32,576
59,MDRCTYPE,nDynamicResponse_2,int,32,608
60,MDRCTYPE,nDynamicResponse_3,int,32,640
61,MDRCTYPE,nDynamicResponse_4,int,32,672
62,MDRCTYPE,nDynamicResponse_5,int,32,704
63,MDRCTYPE,nDynamicResponse_6,int,32,736
64,MDRCTYPE,nDynamicResponse_7,int,32,768
65,MDRCTYPE,nDynamicResponse_8,int,32,800
66,MDRCTYPE,nDynamicResponse_9,int,32,832
67,MDRCTYPE,nDynamicResponse_10,int,32,864
68,MDRCTYPE,nDynamicResponse_11,int,32,896
69,MDRCTYPE,nDynamicResponse_12,int,32,928
70,MDRCTYPE,nDynamicResponse_13,int,32,960
71,MDRCTYPE,nDynamicResponse_14,int,32,992
72,MDRCTYPE,nDynamicResponse_15,int,32,1024
73,MDRCTYPE,nDynamicResponse_16,int,32,1056
74,MDRCTYPE,nDynamicResponse_17,int,32,1088
75,MDRCTYPE,nDynamicResponse_18,int,32,1120
76,MDRCTYPE,nDynamicResponse_19,int,32,1152
77,MDRCTYPE,sAttackTime.nValue,int,32,1184
78,MDRCTYPE,sReleaseTime.nValue,int,32,1280
79,TXSPEECHENHANCEMENTTYPE,nPortIndex,int,32,64
80,TXSPEECHENHANCEMENTTYPE,bEnable,int,32,96
81,TXSPEECHENHANCEMENTTYPE,sConfigEchoControl.nEnabled,int,16,128
82,TXSPEECHENHANCEMENTTYPE,sConfigEchoControl.nLinearEchoCancellation,int,16,144
83,TXSPEECHENHANCEMENTTYPE,sConfigEchoControl.nEchoDetection,int,16,160
84,TXSPEECHENHANCEMENTTYPE,sConfigEchoControl.nHighPassFilter,int,16,176
85,TXSPEECHENHANCEMENTTYPE,sConfigEchoControl.nResidualEchoControl,int,16,192
86,TXSPEECHENHANCEMENTTYPE,sConfigEchoControl.nComfortNoise,int,16,208
87,TXSPEECHENHANCEMENTTYPE,sConfigEchoControl.nPureDelay,int,16,224
88,TXSPEECHENHANCEMENTTYPE,sConfigEchoControl.nFilterLength,int,16,240
89,TXSPEECHENHANCEMENTTYPE,sConfigEchoControl.nShadowFilterLength,int,16,256
90,TXSPEECHENHANCEMENTTYPE,sConfigEchoControl.nMaxEchoPathGain,int,16,272
91,TXSPEECHENHANCEMENTTYPE,sConfigEchoControl.nAdaptiveResidualLoss,int,16,288
92,TXSPEECHENHANCEMENTTYPE,sConfigEchoControl.nRxResidualLossRegressor_0,int,16,304
93,TXSPEECHENHANCEMENTTYPE,sConfigEchoControl.nRxResidualLossRegressor_1,int,16,320
94,TXSPEECHENHANCEMENTTYPE,sConfigEchoControl.nRxResidualLossRegressor_2,int,16,336
95,TXSPEECHENHANCEMENTTYPE,sConfigEchoControl.nRxResidualLossRegressor_3,int,16,352
96,TXSPEECHENHANCEMENTTYPE,sConfigEchoControl.nRxResidualLossRegressor_4,int,16,368
97,TXSPEECHENHANCEMENTTYPE,sConfigEchoControl.nRxResidualLossRegressor_5,int,16,384
98,TXSPEECHENHANCEMENTTYPE,sConfigEchoControl.nRxResidualLossRegressor_6,int,16,400
99,TXSPEECHENHANCEMENTTYPE,sConfigEchoControl.nRxResidualLossRegressor_7,int,16,416
100,TXSPEECHENHANCEMENTTYPE,sConfigEchoControl.nRxResidualLossRegressor_8,int,16,432
101,TXSPEECHENHANCEMENTTYPE,sConfigEchoControl.nRxResidualLossRegressor_9,int,16,448
102,TXSPEECHENHANCEMENTTYPE,sConfigEchoControl.nRxResidualLossRegressor_10,int,16,464
103,TXSPEECHENHANCEMENTTYPE,sConfigEchoControl.nRxResidualLossRegressor_11,int,16,480
104,TXSPEECHENHANCEMENTTYPE,sConfigEchoControl.nRxResidualLossRegressor_12,int,16,496
105,TXSPEECHENHANCEMENTTYPE,sConfigEchoControl.nRxResidualLossRegressor_13,int,16,512
106,TXSPEECHENHANCEMENTTYPE,sConfigEchoControl.nRxResidualLossRegressor_14,int,16,528
107,TXSPEECHENHANCEMENTTYPE,sConfigEchoControl.nRxResidualLossRegressor_15,int,16,544
108,TXSPEECHENHANCEMENTTYPE,sConfigEchoControl.nRxResidualLossRegressor_16,int,16,560
109,TXSPEECHENHANCEMENTTYPE,sConfigEchoControl.nRxResidualLossRegressor_17,int,16,576
110,TXSPEECHENHANCEMENTTYPE,sConfigEchoControl.nRxResidualLossRegressor_18,int,16,592
111,TXSPEECHENHANCEMENTTYPE,sConfigEchoControl.nRxResidualLossRegressor_19,int,16,608
112,TXSPEECHENHANCEMENTTYPE,sConfigEchoControl.nRxResidualLossRegressor_20,int,16,624
113,TXSPEECHENHANCEMENTTYPE,sConfigEchoControl.nRxResidualLossRegressor_21,int,16,640
114,TXSPEECHENHANCEMENTTYPE,sConfigEchoControl.nRxResidualLossRegressor_22,int,16,656
115,TXSPEECHENHANCEMENTTYPE,sConfigEchoControl.nRxResidualLossRegressor_23,int,16,672
116,TXSPEECHENHANCEMENTTYPE,sConfigEchoControl.nRxResidualLossRegressor_24,int,16,688
117,TXSPEECHENHANCEMENTTYPE,sConfigEchoControl.nRxResidualLossRegressor_25,int,16,704
118,TXSPEECHENHANCEMENTTYPE,sConfigEchoControl.nRxResidualLossRegressor_26,int,16,720
119,TXSPEECHENHANCEMENTTYPE,sConfigEchoControl.nRxResidualLossRegressor_27,int,16,736
120,TXSPEECHENHANCEMENTTYPE,sConfigEchoControl.nRxResidualLossRegressor_28,int,16,752
121,TXSPEECHENHANCEMENTTYPE,sConfigEchoControl.nRxResidualLossRegressor_29,int,16,768
122,TXSPEECHENHANCEMENTTYPE,sConfigEchoControl.nRxResidualLossRegressor_30,int,16,784
123,TXSPEECHENHANCEMENTTYPE,sConfigEchoControl.nRxResidualLossRegressor_31,int,16,800
124,TXSPEECHENHANCEMENTTYPE,sConfigEchoControl.nRxResidualLossRegressor_32,int,16,816
125,TXSPEECHENHANCEMENTTYPE,sConfigEchoControl.nRxResidualLossRegressor_33,int,16,832
126,TXSPEECHENHANCEMENTTYPE,sConfigEchoControl.nRxResidualLossRegressor_34,int,16,848
127,TXSPEECHENHANCEMENTTYPE,sConfigEchoControl.nRxResidualLossRegressor_35,int,16,864
128,TXSPEECHENHANCEMENTTYPE,sConfigEchoControl.nRxResidualLossRegressor_36,int,16,880
129,TXSPEECHENHANCEMENTTYPE,sConfigEchoControl.nRxResidualLossRegressor_37,int,16,896
130,TXSPEECHENHANCEMENTTYPE,sConfigEchoControl.nRxResidualLossRegressor_38,int,16,912
131,TXSPEECHENHANCEMENTTYPE,sConfigEchoControl.nRxResidualLossRegressor_39,int,16,928
132,TXSPEECHENHANCEMENTTYPE,sConfigEchoControl.nNonlinearSpeakerModelling,int,16,944
133,TXSPEECHENHANCEMENTTYPE,sConfigEchoControl.nResidualEchoMargin,int,16,960
134,TXSPEECHENHANCEMENTTYPE,sConfigEchoControl.nEchoDecayTime,int,16,976
135,TXSPEECHENHANCEMENTTYPE,sConfigEchoControl.nMaxResidualLoss_0,int,16,992
136,TXSPEECHENHANCEMENTTYPE,sConfigEchoControl.nMaxResidualLoss_1,int,16,1008
137,TXSPEECHENHANCEMENTTYPE,sConfigEchoControl.nMaxResidualLoss_2,int,16,1024
138,TXSPEECHENHANCEMENTTYPE,sConfigEchoControl.nMaxResidualLoss_3,int,16,1040
139,TXSPEECHENHANCEMENTTYPE,sConfigEchoControl.nMaxResidualLoss_4,int,16,1056
140,TXSPEECHENHANCEMENTTYPE,sConfigEchoControl.nMaxResidualLoss_5,int,16,1072
141,TXSPEECHENHANCEMENTTYPE,sConfigEchoControl.nMaxResidualLoss_6,int,16,1088
142,TXSPEECHENHANCEMENTTYPE,sConfigEchoControl.nMaxResidualLoss_7,int,16,1104
143,TXSPEECHENHANCEMENTTYPE,sConfigEchoControl.nMaxResidualLoss_8,int,16,1120
144,TXSPEECHENHANCEMENTTYPE,sConfigEchoControl.nMaxResidualLoss_9,int,16,1136
145,TXSPEECHENHANCEMENTTYPE,sConfigEchoControl.nMaxResidualLoss_10,int,16,1152
146,TXSPEECHENHANCEMENTTYPE,sConfigEchoControl.nMaxResidualLoss_11,int,16,1168
147,TXSPEECHENHANCEMENTTYPE,sConfigEchoControl.nMaxResidualLoss_12,int,16,1184
148,TXSPEECHENHANCEMENTTYPE,sConfigEchoControl.nMaxResidualLoss_13,int,16,1200
149,TXSPEECHENHANCEMENTTYPE,sConfigEchoControl.nMaxResidualLoss_14,int,16,1216
150,TXSPEECHENHANCEMENTTYPE,sConfigEchoControl.nMaxResidualLoss_15,int,16,1232
151,TXSPEECHENHANCEMENTTYPE,sConfigEchoControl.nMaxResidualLoss_16,int,16,1248
152,TXSPEECHENHANCEMENTTYPE,sConfigEchoControl.nMaxResidualLoss_17,int,16,1264
153,TXSPEECHENHANCEMENTTYPE,sConfigEchoControl.nMaxResidualLoss_18,int,16,1280
154,TXSPEECHENHANCEMENTTYPE,sConfigEchoControl.nMaxResidualLoss_19,int,16,1296
155,TXSPEECHENHANCEMENTTYPE,sConfigEchoControl.nMaxResidualLoss_20,int,16,1312
156,TXSPEECHENHANCEMENTTYPE,sConfigEchoControl.nMaxResidualLoss_21,int,16,1328
157,TXSPEECHENHANCEMENTTYPE,sConfigEchoControl.nMaxResidualLoss_22,int,16,1344
158,TXSPEECHENHANCEMENTTYPE,sConfigEchoControl.nMaxResidualLoss_23,int,16,1360
159,TXSPEECHENHANCEMENTTYPE,sConfigEchoControl.nMaxResidualLoss_24,int,16,1376
160,TXSPEECHENHANCEMENTTYPE,sConfigEchoControl.nMaxResidualLoss_25,int,16,1392
161,TXSPEECHENHANCEMENTTYPE,sConfigEchoControl.nMaxResidualLoss_26,int,16,1408
162,TXSPEECHENHANCEMENTTYPE,sConfigEchoControl.nMaxResidualLoss_27,int,16,1424
163,TXSPEECHENHANCEMENTTYPE,sConfigEchoControl.nMaxResidualLoss_28,int,16,1440
164,TXSPEECHENHANCEMENTTYPE,sConfigEchoControl.nMaxResidualLoss_29,int,16,1456
165,TXSPEECHENHANCEMENTTYPE,sConfigEchoControl.nMaxResidualLoss_30,int,16,1472
166,TXSPEECHENHANCEMENTTYPE,sConfigEchoControl.nMaxResidualLoss_31,int,16,1488
167,TXSPEECHENHANCEMENTTYPE,sConfigEchoControl.nMaxResidualLoss_32,int,16,1504
168,TXSPEECHENHANCEMENTTYPE,sConfigEchoControl.nMaxResidualLoss_33,int,16,1520
169,TXSPEECHENHANCEMENTTYPE,sConfigEchoControl.nMaxResidualLoss_34,int,16,1536
170,TXSPEECHENHANCEMENTTYPE,sConfigEchoControl.nMaxResidualLoss_35,int,16,1552
171,TXSPEECHENHANCEMENTTYPE,sConfigEchoControl.nMaxResidualLoss_36,int,16,1568
172,TXSPEECHENHANCEMENTTYPE,sConfigEchoControl.nMaxResidualLoss_37,int,16,1584
173,TXSPEECHENHANCEMENTTYPE,sConfigEchoControl.nMaxResidualLoss_38,int,16,1600
174,TXSPEECHENHANCEMENTTYPE,sConfigEchoControl.nMaxResidualLoss_39,int,16,1616
175,TXSPEECHENHANCEMENTTYPE,sConfigEchoControl.nNonLinearEchoDecayTime,int,16,1632
176,TXSPEECHENHANCEMENTTYPE,sConfigEchoControl.nHarmonicGains_0,int,16,1648
177,TXSPEECHENHANCEMENTTYPE,sConfigEchoControl.nHarmonicGains_1,int,16,1664
178,TXSPEECHENHANCEMENTTYPE,sConfigEchoControl.nHarmonicGains_2,int,16,1680
179,TXSPEECHENHANCEMENTTYPE,sConfigEchoControl.nHarmonicGains_3,int,16,1696
180,TXSPEECHENHANCEMENTTYPE,sConfigEchoControl.nHarmonicGains_4,int,16,1712
181,TXSPEECHENHANCEMENTTYPE,sConfigEchoControl.nHarmonicGains_5,int,16,1728
182,TXSPEECHENHANCEMENTTYPE,sConfigEchoControl.nFundamentalGains_0,int,16,1744
183,TXSPEECHENHANCEMENTTYPE,sConfigEchoControl.nFundamentalGains_1,int,16,1760
184,TXSPEECHENHANCEMENTTYPE,sConfigEchoControl.nFundamentalGains_2,int,16,1776
185,TXSPEECHENHANCEMENTTYPE,sConfigEchoControl.nFundamentalGains_3,int,16,1792
186,TXSPEECHENHANCEMENTTYPE,sConfigEchoControl.nFundamentalGains_4,int,16,1808
187,TXSPEECHENHANCEMENTTYPE,sConfigEchoControl.nFundamentalGains_5,int,16,1824
188,TXSPEECHENHANCEMENTTYPE,sConfigEchoControl.nFundamentalGains_6,int,16,1840
189,TXSPEECHENHANCEMENTTYPE,sConfigEchoControl.nFundamentalGains_7,int,16,1856
190,TXSPEECHENHANCEMENTTYPE,sConfigEchoControl.nFundamentalGains_8,int,16,1872
191,TXSPEECHENHANCEMENTTYPE,sConfigEchoControl.nFundamentalGains_9,int,16,1888
192,TXSPEECHENHANCEMENTTYPE,sConfigEchoControl.nFundamentalGains_10,int,16,1904
193,TXSPEECHENHANCEMENTTYPE,sConfigEchoControl.nFundamentalGains_11,int,16,1920
194,TXSPEECHENHANCEMENTTYPE,sConfigEchoControl.nFundamentalGains_12,int,16,1936
195,TXSPEECHENHANCEMENTTYPE,sConfigEchoControl.nFundamentalGains_13,int,16,1952
196,TXSPEECHENHANCEMENTTYPE,sConfigEchoControl.nFundamentalGains_14,int,16,1968
197,TXSPEECHENHANCEMENTTYPE,sConfigEchoControl.nFundamentalGains_15,int,16,1984
198,TXSPEECHENHANCEMENTTYPE,sConfigEchoControl.nFundamentalGains_16,int,16,2000
199,TXSPEECHENHANCEMENTTYPE,sConfigEchoControl.nFundamentalGains_17,int,16,2016
200,TXSPEECHENHANCEMENTTYPE,sConfigEchoControl.nFundamentalGains_18,int,16,2032
201,TXSPEECHENHANCEMENTTYPE,sConfigEchoControl.nFundamentalGains_19,int,16,2048
202,TXSPEECHENHANCEMENTTYPE,sConfigEchoControl.nFundamentalGains_20,int,16,2064
203,TXSPEECHENHANCEMENTTYPE,sConfigEchoControl.nFundamentalGains_21,int,16,2080
204,TXSPEECHENHANCEMENTTYPE,sConfigEchoControl.nFundamentalGains_22,int,16,2096
205,TXSPEECHENHANCEMENTTYPE,sConfigEchoControl.nFundamentalGains_23,int,16,2112
206,TXSPEECHENHANCEMENTTYPE,sConfigEchoControl.nFundamentalGains_24,int,16,2128
207,TXSPEECHENHANCEMENTTYPE,sConfigEchoControl.nFundamentalGains_25,int,16,2144
208,TXSPEECHENHANCEMENTTYPE,sConfigEchoControl.nFundamentalGains_26,int,16,2160
209,TXSPEECHENHANCEMENTTYPE,sConfigEchoControl.nFundamentalGains_27,int,16,2176
210,TXSPEECHENHANCEMENTTYPE,sConfigEchoControl.nFundamentalGains_28,int,16,2192
211,TXSPEECHENHANCEMENTTYPE,sConfigEchoControl.nFundamentalGains_29,int,16,2208
212,TXSPEECHENHANCEMENTTYPE,sConfigEchoControl.nFundamentalGains_30,int,16,2224
213,TXSPEECHENHANCEMENTTYPE,sConfigEchoControl.nFundamentalGains_31,int,16,2240
214,TXSPEECHENHANCEMENTTYPE,sConfigEchoControl.nHarmonicActivationLevel,int,16,2256
215,TXSPEECHENHANCEMENTTYPE,sConfigEchoControl.nSpectralLeakageGains_0,int,16,2272
216,TXSPEECHENHANCEMENTTYPE,sConfigEchoControl.nSpectralLeakageGains_1,int,16,2288
217,TXSPEECHENHANCEMENTTYPE,sConfigEchoControl.nSpectralLeakageGains_2,int,16,2304
218,TXSPEECHENHANCEMENTTYPE,sConfigEchoControl.nSpectralLeakageGains_3,int,16,2320
219,TXSPEECHENHANCEMENTTYPE,sConfigEchoControl.nSpectralLeakageGains_4,int,16,2336
220,TXSPEECHENHANCEMENTTYPE,sConfigEchoControl.nSpectralLeakageGains_5,int,16,2352
221,TXSPEECHENHANCEMENTTYPE,sConfigEchoControl.nSpectralLeakageGains_6,int,16,2368
222,TXSPEECHENHANCEMENTTYPE,sConfigEchoControl.nSpectralLeakageGains_7,int,16,2384
223,TXSPEECHENHANCEMENTTYPE,sConfigEchoControl.nSpectralLeakageGains_8,int,16,2400
224,TXSPEECHENHANCEMENTTYPE,sConfigEchoControl.nSpectralLeakageGains_9,int,16,2416
225,TXSPEECHENHANCEMENTTYPE,sConfigEchoControl.nSpectralLeakageGains_10,int,16,2432
226,TXSPEECHENHANCEMENTTYPE,sConfigEchoControl.nSpectralLeakageGains_11,int,16,2448
227,TXSPEECHENHANCEMENTTYPE,sConfigEchoControl.nSpectralLeakageGains_12,int,16,2464
228,TXSPEECHENHANCEMENTTYPE,sConfigEchoControl.nSpectralLeakageGains_13,int,16,2480
229,TXSPEECHENHANCEMENTTYPE,sConfigEchoControl.nSpectralLeakageGains_14,int,16,2496
230,TXSPEECHENHANCEMENTTYPE,sConfigEchoControl.nSpectralLeakageGains_15,int,16,2512
231,TXSPEECHENHANCEMENTTYPE,sConfigEchoControl.nSpectralLeakageGains_16,int,16,2528
232,TXSPEECHENHANCEMENTTYPE,sConfigEchoControl.nSpectralLeakageGains_17,int,16,2544
233,TXSPEECHENHANCEMENTTYPE,sConfigEchoControl.nSpectralLeakageGains_18,int,16,2560
234,TXSPEECHENHANCEMENTTYPE,sConfigEchoControl.nSpectralLeakageGains_19,int,16,2576
235,TXSPEECHENHANCEMENTTYPE,sConfigEchoControl.nSpectralLeakageGains_20,int,16,2592
236,TXSPEECHENHANCEMENTTYPE,sConfigEchoControl.nSpectralLeakageGains_21,int,16,2608
237,TXSPEECHENHANCEMENTTYPE,sConfigEchoControl.nSpectralLeakageGains_22,int,16,2624
238,TXSPEECHENHANCEMENTTYPE,sConfigEchoControl.nSpectralLeakageGains_23,int,16,2640
239,TXSPEECHENHANCEMENTTYPE,sConfigEchoControl.nSpectralLeakageGains_24,int,16,2656
240,TXSPEECHENHANCEMENTTYPE,sConfigEchoControl.nSpectralLeakageGains_25,int,16,2672
241,TXSPEECHENHANCEMENTTYPE,sConfigEchoControl.nSpectralLeakageGains_26,int,16,2688
242,TXSPEECHENHANCEMENTTYPE,sConfigEchoControl.nSpectralLeakageGains_27,int,16,2704
243,TXSPEECHENHANCEMENTTYPE,sConfigEchoControl.nSpectralLeakageGains_28,int,16,2720
244,TXSPEECHENHANCEMENTTYPE,sConfigEchoControl.nSpectralLeakageGains_29,int,16,2736
245,TXSPEECHENHANCEMENTTYPE,sConfigEchoControl.nSpectralLeakageGains_30,int,16,2752
246,TXSPEECHENHANCEMENTTYPE,sConfigEchoControl.nSpectralLeakageGains_31,int,16,2768
247,TXSPEECHENHANCEMENTTYPE,sConfigEchoControl.nSpectralLeakageGains_32,int,16,2784
248,TXSPEECHENHANCEMENTTYPE,sConfigEchoControl.nSpectralLeakageGains_33,int,16,2800
249,TXSPEECHENHANCEMENTTYPE,sConfigEchoControl.nSpectralLeakageGains_34,int,16,2816
250,TXSPEECHENHANCEMENTTYPE,sConfigEchoControl.nSpectralLeakageGains_35,int,16,2832
251,TXSPEECHENHANCEMENTTYPE,sConfigEchoControl.nSpectralLeakageGains_36,int,16,2848
252,TXSPEECHENHANCEMENTTYPE,sConfigEchoControl.nSpectralLeakageGains_37,int,16,2864
253,TXSPEECHENHANCEMENTTYPE,sConfigEchoControl.nSpectralLeakageGains_38,int,16,2880
254,TXSPEECHENHANCEMENTTYPE,sConfigEchoControl.nSpectralLeakageGains_39,int,16,2896
255,TXSPEECHENHANCEMENTTYPE,sConfigEchoControl.nLeakageActivationLevel,int,16,2912
256,TXSPEECHENHANCEMENTTYPE,sConfigEchoControl.nSpectralMaskingMargin,int,16,2928
257,TXSPEECHENHANCEMENTTYPE,sConfigEchoControl.nTemporalMaskingTime,int,16,2944
258,TXSPEECHENHANCEMENTTYPE,sConfigEchoControl.nResidualEchoReleaserRate,int,16,2960
259,TXSPEECHENHANCEMENTTYPE,sConfigMMic.nEnabled,int,16,2976
260,TXSPEECHENHANCEMENTTYPE,sConfigMMic.nTxChannelMapping_0,int,16,2992
261,TXSPEECHENHANCEMENTTYPE,sConfigMMic.nTxChannelMapping_1,int,16,3008
262,TXSPEECHENHANCEMENTTYPE,sConfigMMic.nReduceFarField,int,16,3024
263,TXSPEECHENHANCEMENTTYPE,sConfigMMic.nReduceWindNoise,int,16,3040
264,TXSPEECHENHANCEMENTTYPE,sConfigMMic.nReferenceMicrophoneChannel,int,16,3056
265,TXSPEECHENHANCEMENTTYPE,sConfigNoiseReduction.nEnabled,int,16,3072
266,TXSPEECHENHANCEMENTTYPE,sConfigNoiseReduction.nAdaptiveHighPassFilter,int,16,3088
267,TXSPEECHENHANCEMENTTYPE,sConfigNoiseReduction.nDesiredNoiseReduction,int,16,3104
268,TXSPEECHENHANCEMENTTYPE,sConfigNoiseReduction.nNrCutOffFrequency,int,16,3120
269,TXSPEECHENHANCEMENTTYPE,sConfigNoiseReduction.nNoiseReductionDuringSpeech,int,16,3136
270,TXSPEECHENHANCEMENTTYPE,sConfigNoiseReduction.nNoiseReductionTradeoff,int,16,3152
271,TXSPEECHENHANCEMENTTYPE,sConfigNoiseReduction.nNoiseFloorPower,int,16,3168
272,TXSPEECHENHANCEMENTTYPE,sConfigNoiseReduction.nHighPassFilterSnrThreshold,int,16,3184
273,TXSPEECHENHANCEMENTTYPE,sConfigNoiseReduction.nHighPassCutOffMargin,int,16,3200
274,TXSPEECHENHANCEMENTTYPE,sConfigTxLevelControl.nEnabled,int,16,3216
275,TXSPEECHENHANCEMENTTYPE,sConfigTxLevelControl.nAdaptiveSignalGain,int,16,3232
276,TXSPEECHENHANCEMENTTYPE,sConfigTxLevelControl.nNoiseAdaptiveGain,int,16,3248
277,TXSPEECHENHANCEMENTTYPE,sConfigTxLevelControl.nNoiseAdaptiveGainSlope,int,16,3264
278,TXSPEECHENHANCEMENTTYPE,sConfigTxLevelControl.nNoiseAdaptiveGainThreshold,int,16,3280
279,TXSPEECHENHANCEMENTTYPE,sConfigTxLevelControl.nTargetLevel,int,16,3296
280,TXSPEECHENHANCEMENTTYPE,sConfigTxLevelControl.nStaticGain,int,16,3312
281,RXSPEECHENHANCEMENTTYPE,nPortIndex,int,32,64
282,RXSPEECHENHANCEMENTTYPE,bEnable,int,32,96
283,RXSPEECHENHANCEMENTTYPE,sConfigNoiseReduction.nEnabled,int,16,128
284,RXSPEECHENHANCEMENTTYPE,sConfigNoiseReduction.nAdaptiveHighPassFilter,int,16,144
285,RXSPEECHENHANCEMENTTYPE,sConfigNoiseReduction.nDesiredNoiseReduction,int,16,160
286,RXSPEECHENHANCEMENTTYPE,sConfigNoiseReduction.nNrCutOffFrequency,int,16,176
287,RXSPEECHENHANCEMENTTYPE,sConfigNoiseReduction.nNoiseReductionDuringSpeech,int,16,192
288,RXSPEECHENHANCEMENTTYPE,sConfigNoiseReduction.nNoiseReductionTradeoff,int,16,208
289,RXSPEECHENHANCEMENTTYPE,sConfigNoiseReduction.nNoiseFloorPower,int,16,224
290,RXSPEECHENHANCEMENTTYPE,sConfigNoiseReduction.nHighPassFilterSnrThreshold,int,16,240
291,RXSPEECHENHANCEMENTTYPE,sConfigNoiseReduction.nHighPassCutOffMargin,int,16,256
292,RXSPEECHENHANCEMENTTYPE,sConfigRxEqualizer.nEnabled,int,16,272
293,RXSPEECHENHANCEMENTTYPE,sConfigRxEqualizer.nSpeechEnhance,int,16,288
294,RXSPEECHENHANCEMENTTYPE,sConfigRxEqualizer.nCalibrationMode,int,16,304
295,RXSPEECHENHANCEMENTTYPE,sConfigRxEqualizer.nComplexityLevel,int,16,320
296,RXSPEECHENHANCEMENTTYPE,sConfigRxEqualizer.nMinNoiseSpeechEnhance,int,16,336
297,RXSPEECHENHANCEMENTTYPE,sConfigRxEqualizer.nSaturationMargin,int,16,352
298,RXSPEECHENHANCEMENTTYPE,sConfigRxEqualizer.nMinimumTargetSNR,int,16,368
299,RXSPEECHENHANCEMENTTYPE,sConfigRxEqualizer.nMaxGainTargetSNR,int,16,384
300,RXSPEECHENHANCEMENTTYPE,sConfigRxEqualizer.nThresholdSNREnergyRedist,int,16,400
301,RXSPEECHENHANCEMENTTYPE,sConfigRxEqualizer.nMaxGainEnergyRedistHf,int,16,416
302,RXSPEECHENHANCEMENTTYPE,sConfigRxEqualizer.nMaxLossEnergyRedistLf,int,16,432
303,RXSPEECHENHANCEMENTTYPE,sConfigRxEqualizer.nTxAcomp_0,int,16,448
304,RXSPEECHENHANCEMENTTYPE,sConfigRxEqualizer.nTxAcomp_1,int,16,464
305,RXSPEECHENHANCEMENTTYPE,sConfigRxEqualizer.nTxAcomp_2,int,16,480
306,RXSPEECHENHANCEMENTTYPE,sConfigRxEqualizer.nTxAcomp_3,int,16,496
307,RXSPEECHENHANCEMENTTYPE,sConfigRxEqualizer.nTxAcomp_4,int,16,512
308,RXSPEECHENHANCEMENTTYPE,sConfigRxEqualizer.nTxAcomp_5,int,16,528
309,RXSPEECHENHANCEMENTTYPE,sConfigRxEqualizer.nTxAcomp_6,int,16,544
310,RXSPEECHENHANCEMENTTYPE,sConfigRxEqualizer.nTxAcomp_7,int,16,560
311,RXSPEECHENHANCEMENTTYPE,sConfigRxEqualizer.nTxAcomp_8,int,16,576
312,RXSPEECHENHANCEMENTTYPE,sConfigRxEqualizer.nTxAcomp_9,int,16,592
313,RXSPEECHENHANCEMENTTYPE,sConfigRxEqualizer.nTxAcomp_10,int,16,608
314,RXSPEECHENHANCEMENTTYPE,sConfigRxEqualizer.nTxAcomp_11,int,16,624
315,RXSPEECHENHANCEMENTTYPE,sConfigRxEqualizer.nTxAcomp_12,int,16,640
316,RXSPEECHENHANCEMENTTYPE,sConfigRxEqualizer.nTxAcomp_13,int,16,656
317,RXSPEECHENHANCEMENTTYPE,sConfigRxEqualizer.nTxAcomp_14,int,16,672
318,RXSPEECHENHANCEMENTTYPE,sConfigRxEqualizer.nTxAcomp_15,int,16,688
319,RXSPEECHENHANCEMENTTYPE,sConfigRxEqualizer.nTxAcomp_16,int,16,704
320,RXSPEECHENHANCEMENTTYPE,sConfigRxEqualizer.nTxAcomp_17,int,16,720
321,RXSPEECHENHANCEMENTTYPE,sConfigRxEqualizer.nTxAcomp_18,int,16,736
322,RXSPEECHENHANCEMENTTYPE,sConfigRxEqualizer.nTxAcomp_19,int,16,752
323,RXSPEECHENHANCEMENTTYPE,sConfigRxEqualizer.nTxAcomp_20,int,16,768
324,RXSPEECHENHANCEMENTTYPE,sConfigRxEqualizer.nTxAcomp_21,int,16,784
325,RXSPEECHENHANCEMENTTYPE,sConfigRxEqualizer.nTxAcomp_22,int,16,800
326,RXSPEECHENHANCEMENTTYPE,sConfigRxEqualizer.nTxAcomp_23,int,16,816
327,RXSPEECHENHANCEMENTTYPE,sConfigRxEqualizer.nTxAcomp_24,int,16,832
328,RXSPEECHENHANCEMENTTYPE,sConfigRxEqualizer.nTxAcomp_25,int,16,848
329,RXSPEECHENHANCEMENTTYPE,sConfigRxEqualizer.nTxAcomp_26,int,16,864
330,RXSPEECHENHANCEMENTTYPE,sConfigRxEqualizer.nTxAcomp_27,int,16,880
331,RXSPEECHENHANCEMENTTYPE,sConfigRxEqualizer.nTxAcomp_28,int,16,896
332,RXSPEECHENHANCEMENTTYPE,sConfigRxEqualizer.nTxAcomp_29,int,16,912
333,RXSPEECHENHANCEMENTTYPE,sConfigRxEqualizer.nTxAcomp_30,int,16,928
334,RXSPEECHENHANCEMENTTYPE,sConfigRxEqualizer.nTxAcomp_31,int,16,944
335,RXSPEECHENHANCEMENTTYPE,sConfigRxEqualizer.nTxAcomp_32,int,16,960
336,RXSPEECHENHANCEMENTTYPE,sConfigRxEqualizer.nTxAcomp_33,int,16,976
337,RXSPEECHENHANCEMENTTYPE,sConfigRxEqualizer.nTxAcomp_34,int,16,992
338,RXSPEECHENHANCEMENTTYPE,sConfigRxEqualizer.nTxAcomp_35,int,16,1008
339,RXSPEECHENHANCEMENTTYPE,sConfigRxEqualizer.nTxAcomp_36,int,16,1024
340,RXSPEECHENHANCEMENTTYPE,sConfigRxEqualizer.nTxAcomp_37,int,16,1040
341,RXSPEECHENHANCEMENTTYPE,sConfigRxEqualizer.nTxAcomp_38,int,16,1056
342,RXSPEECHENHANCEMENTTYPE,sConfigRxEqualizer.nTxAcomp_39,int,16,1072
343,RXSPEECHENHANCEMENTTYPE,sConfigRxEqualizer.nRxAcomp_0,int,16,1088
344,RXSPEECHENHANCEMENTTYPE,sConfigRxEqualizer.nRxAcomp_1,int,16,1104
345,RXSPEECHENHANCEMENTTYPE,sConfigRxEqualizer.nRxAcomp_2,int,16,1120
346,RXSPEECHENHANCEMENTTYPE,sConfigRxEqualizer.nRxAcomp_3,int,16,1136
347,RXSPEECHENHANCEMENTTYPE,sConfigRxEqualizer.nRxAcomp_4,int,16,1152
348,RXSPEECHENHANCEMENTTYPE,sConfigRxEqualizer.nRxAcomp_5,int,16,1168
349,RXSPEECHENHANCEMENTTYPE,sConfigRxEqualizer.nRxAcomp_6,int,16,1184
350,RXSPEECHENHANCEMENTTYPE,sConfigRxEqualizer.nRxAcomp_7,int,16,1200
351,RXSPEECHENHANCEMENTTYPE,sConfigRxEqualizer.nRxAcomp_8,int,16,1216
352,RXSPEECHENHANCEMENTTYPE,sConfigRxEqualizer.nRxAcomp_9,int,16,1232
353,RXSPEECHENHANCEMENTTYPE,sConfigRxEqualizer.nRxAcomp_10,int,16,1248
354,RXSPEECHENHANCEMENTTYPE,sConfigRxEqualizer.nRxAcomp_11,int,16,1264
355,RXSPEECHENHANCEMENTTYPE,sConfigRxEqualizer.nRxAcomp_12,int,16,1280
356,RXSPEECHENHANCEMENTTYPE,sConfigRxEqualizer.nRxAcomp_13,int,16,1296
357,RXSPEECHENHANCEMENTTYPE,sConfigRxEqualizer.nRxAcomp_14,int,16,1312
358,RXSPEECHENHANCEMENTTYPE,sConfigRxEqualizer.nRxAcomp_15,int,16,1328
359,RXSPEECHENHANCEMENTTYPE,sConfigRxEqualizer.nRxAcomp_16,int,16,1344
360,RXSPEECHENHANCEMENTTYPE,sConfigRxEqualizer.nRxAcomp_17,int,16,1360
361,RXSPEECHENHANCEMENTTYPE,sConfigRxEqualizer.nRxAcomp_18,int,16,1376
362,RXSPEECHENHANCEMENTTYPE,sConfigRxEqualizer.nRxAcomp_19,int,16,1392
363,RXSPEECHENHANCEMENTTYPE,sConfigRxEqualizer.nRxAcomp_20,int,16,1408
364,RXSPEECHENHANCEMENTTYPE,sConfigRxEqualizer.nRxAcomp_21,int,16,1424
365,RXSPEECHENHANCEMENTTYPE,sConfigRxEqualizer.nRxAcomp_22,int,16,1440
366,RXSPEECHENHANCEMENTTYPE,sConfigRxEqualizer.nRxAcomp_23,int,16,1456
367,RXSPEECHENHANCEMENTTYPE,sConfigRxEqualizer.nRxAcomp_24,int,16,1472
368,RXSPEECHENHANCEMENTTYPE,sConfigRxEqualizer.nRxAcomp_25,int,16,1488
369,RXSPEECHENHANCEMENTTYPE,sConfigRxEqualizer.nRxAcomp_26,int,16,1504
370,RXSPEECHENHANCEMENTTYPE,sConfigRxEqualizer.nRxAcomp_27,int,16,1520
371,RXSPEECHENHANCEMENTTYPE,sConfigRxEqualizer.nRxAcomp_28,int,16,1536
372,RXSPEECHENHANCEMENTTYPE,sConfigRxEqualizer.nRxAcomp_29,int,16,1552
373,RXSPEECHENHANCEMENTTYPE,sConfigRxEqualizer.nRxAcomp_30,int,16,1568
374,RXSPEECHENHANCEMENTTYPE,sConfigRxEqualizer.nRxAcomp_31,int,16,1584
375,RXSPEECHENHANCEMENTTYPE,sConfigRxEqualizer.nRxAcomp_32,int,16,1600
376,RXSPEECHENHANCEMENTTYPE,sConfigRxEqualizer.nRxAcomp_33,int,16,1616
377,RXSPEECHENHANCEMENTTYPE,sConfigRxEqualizer.nRxAcomp_34,int,16,1632
378,RXSPEECHENHANCEMENTTYPE,sConfigRxEqualizer.nRxAcomp_35,int,16,1648
379,RXSPEECHENHANCEMENTTYPE,sConfigRxEqualizer.nRxAcomp_36,int,16,1664
380,RXSPEECHENHANCEMENTTYPE,sConfigRxEqualizer.nRxAcomp_37,int,16,1680
381,RXSPEECHENHANCEMENTTYPE,sConfigRxEqualizer.nRxAcomp_38,int,16,1696
382,RXSPEECHENHANCEMENTTYPE,sConfigRxEqualizer.nRxAcomp_39,int,16,1712
383,AUDIOCTMTYPE,nPortIndex,int,32,64
384,AUDIOCTMTYPE,bEnable,int,32,96
385,AUDIODRCTYPE,nPortIndex,int,32,64
386,AUDIODRCTYPE,bEnable,int,32,96
387,AUDIODRCTYPE,bUseSeparateChannelSettings,int,32,128
388,AUDIODRCTYPE,sLookAheadTime.nValue,int,32,160
389,AUDIODRCTYPE,bUsePeakMeasure,int,32,256
390,AUDIODRCTYPE,sStaticCurvePointX_0.nValue,int,32,288
391,AUDIODRCTYPE,sStaticCurvePointX_1.nValue,int,32,384
392,AUDIODRCTYPE,sStaticCurvePointX_2.nValue,int,32,480
393,AUDIODRCTYPE,sStaticCurvePointX_3.nValue,int,32,576
394,AUDIODRCTYPE,sStaticCurvePointX_4.nValue,int,32,672
395,AUDIODRCTYPE,sStaticCurvePointX_5.nValue,int,32,768
396,AUDIODRCTYPE,sStaticCurvePointX_6.nValue,int,32,864
397,AUDIODRCTYPE,sStaticCurvePointX_7.nValue,int,32,960
398,AUDIODRCTYPE,sStaticCurvePointY_0.nValue,int,32,1056
399,AUDIODRCTYPE,sStaticCurvePointY_1.nValue,int,32,1152
400,AUDIODRCTYPE,sStaticCurvePointY_2.nValue,int,32,1248
401,AUDIODRCTYPE,sStaticCurvePointY_3.nValue,int,32,1344
402,AUDIODRCTYPE,sStaticCurvePointY_4.nValue,int,32,1440
403,AUDIODRCTYPE,sStaticCurvePointY_5.nValue,int,32,1536
404,AUDIODRCTYPE,sStaticCurvePointY_6.nValue,int,32,1632
405,AUDIODRCTYPE,sStaticCurvePointY_7.nValue,int,32,1728
406,AUDIODRCTYPE,sInputGain.nValue,int,32,1824
407,AUDIODRCTYPE,sOffsetGain.nValue,int,32,1920
408,AUDIODRCTYPE,sLevelDetectorAttackTime.nValue,int,32,2016
409,AUDIODRCTYPE,sLevelDetectorReleaseTime.nValue,int,32,2112
410,AUDIODRCTYPE,sGainProcessorAttackTime.nValue,int,32,2208
411,AUDIODRCTYPE,sGainProcessorReleaseTime.nValue,int,32,2304
412,AUDIODRCTYPE,eAcceptanceLevel,int,32,2400
413,AUDIODRCTYPE,bUsePeakMeasureChannel2,int,32,2432
414,AUDIODRCTYPE,sStaticCurvePointXChannel2_0.nValue,int,32,2464
415,AUDIODRCTYPE,sStaticCurvePointXChannel2_1.nValue,int,32,2560
416,AUDIODRCTYPE,sStaticCurvePointXChannel2_2.nValue,int,32,2656
417,AUDIODRCTYPE,sStaticCurvePointXChannel2_3.nValue,int,32,2752
418,AUDIODRCTYPE,sStaticCurvePointXChannel2_4.nValue,int,32,2848
419,AUDIODRCTYPE,sStaticCurvePointXChannel2_5.nValue,int,32,2944
420,AUDIODRCTYPE,sStaticCurvePointXChannel2_6.nValue,int,32,3040
421,AUDIODRCTYPE,sStaticCurvePointXChannel2_7.nValue,int,32,3136
422,AUDIODRCTYPE,sStaticCurvePointYChannel2_0.nValue,int,32,3232
423,AUDIODRCTYPE,sStaticCurvePointYChannel2_1.nValue,int,32,3328
424,AUDIODRCTYPE,sStaticCurvePointYChannel2_2.nValue,int,32,3424
425,AUDIODRCTYPE,sStaticCurvePointYChannel2_3.nValue,int,32,3520
426,AUDIODRCTYPE,sStaticCurvePointYChannel2_4.nValue,int,32,3616
427,AUDIODRCTYPE,sStaticCurvePointYChannel2_5.nValue,int,32,3712
428,AUDIODRCTYPE,sStaticCurvePointYChannel2_6.nValue,int,32,3808
429,AUDIODRCTYPE,sStaticCurvePointYChannel2_7.nValue,int,32,3904
430,AUDIODRCTYPE,sInputGainChannel2.nValue,int,32,4000
431,AUDIODRCTYPE,sOffsetGainChannel2.nValue,int,32,4096
432,AUDIODRCTYPE,sLevelDetectorAttackTimeChannel2.nValue,int,32,4192
433,AUDIODRCTYPE,sLevelDetectorReleaseTimeChannel2.nValue,int,32,4288
434,AUDIODRCTYPE,sGainProcessorAttackTimeChannel2.nValue,int,32,4384
435,AUDIODRCTYPE,sGainProcessorReleaseTimeChannel2.nValue,int,32,4480
436,AUDIODRCTYPE,eAcceptanceLevelChannel2,int,32,4576
437,AUDIOCNGTYPE,nPortIndex,int,32,64
438,AUDIOCNGTYPE,bEnable,int,32,96
439,AUDIOCNGTYPE,sLevel.nValue,int,32,128
440,AUDIOCNGTYPE,sLevel.nMin,int,32,160
441,AUDIOCNGTYPE,sLevel.nMax,int,32,192
442,ALSADEVICETYPE,nPortIndex,int,32,64
443,ALSADEVICETYPE,bEnable,int,32,96
444,ALSADEVICETYPE,cDeviceName,text,1024,128
445,PARAM_TRANSDUCEREQUALIZERTYPE,MemoryPreset,int,16,64
446,PARAM_TRANSDUCEREQUALIZERTYPE,stereo,int,32,96
447,PARAM_TRANSDUCEREQUALIZERTYPE,nb_alloc_biquad_cells_per_channel,int,16,128
448,PARAM_TRANSDUCEREQUALIZERTYPE,nb_alloc_FIR_coefs_per_channel,int,16,144
449,CONFIG_TRANSDUCEREQUALIZERTYPE,same_biquad_l_r,int,32,64
450,CONFIG_TRANSDUCEREQUALIZERTYPE,same_FIR_l_r,int,32,96
451,CONFIG_TRANSDUCEREQUALIZERTYPE,biquad_first,int,32,128
452,CONFIG_TRANSDUCEREQUALIZERTYPE,biquad_gain_exp_l,int,16,160
453,CONFIG_TRANSDUCEREQUALIZERTYPE,biquad_gain_mant_l,int,32,192
454,CONFIG_TRANSDUCEREQUALIZERTYPE,biquad_gain_exp_r,int,16,224
455,CONFIG_TRANSDUCEREQUALIZERTYPE,biquad_gain_mant_r,int,32,256
456,CONFIG_TRANSDUCEREQUALIZERTYPE,FIR_gain_exp_l,int,16,288
457,CONFIG_TRANSDUCEREQUALIZERTYPE,FIR_gain_mant_l,int,32,320
458,CONFIG_TRANSDUCEREQUALIZERTYPE,FIR_gain_exp_r,int,16,352
459,CONFIG_TRANSDUCEREQUALIZERTYPE,FIR_gain_mant_r,int,32,384
460,CONFIG_TRANSDUCEREQUALIZERTYPE,nb_biquad_cells_per_channel,int,16,416
461,CONFIG_TRANSDUCEREQUALIZERTYPE,nb_FIR_coefs_per_channel,int,16,432
462,CONFIG_TRANSDUCEREQUALIZERTYPE,biquad_cell_0.b_exp,int,16,448
463,CONFIG_TRANSDUCEREQUALIZERTYPE,biquad_cell_1.b_exp,int,16,640
464,CONFIG_TRANSDUCEREQUALIZERTYPE,biquad_cell_2.b_exp,int,16,832
465,CONFIG_TRANSDUCEREQUALIZERTYPE,biquad_cell_3.b_exp,int,16,1024
466,CONFIG_TRANSDUCEREQUALIZERTYPE,biquad_cell_4.b_exp,int,16,1216
467,CONFIG_TRANSDUCEREQUALIZERTYPE,biquad_cell_5.b_exp,int,16,1408
468,CONFIG_TRANSDUCEREQUALIZERTYPE,biquad_cell_6.b_exp,int,16,1600
469,CONFIG_TRANSDUCEREQUALIZERTYPE,biquad_cell_7.b_exp,int,16,1792
470,CONFIG_TRANSDUCEREQUALIZERTYPE,biquad_cell_8.b_exp,int,16,1984
471,CONFIG_TRANSDUCEREQUALIZERTYPE,biquad_cell_9.b_exp,int,16,2176
472,CONFIG_TRANSDUCEREQUALIZERTYPE,biquad_cell_10.b_exp,int,16,2368
473,CONFIG_TRANSDUCEREQUALIZERTYPE,biquad_cell_11.b_exp,int,16,2560
474,CONFIG_TRANSDUCEREQUALIZERTYPE,biquad_cell_12.b_exp,int,16,2752
475,CONFIG_TRANSDUCEREQUALIZERTYPE,biquad_cell_13.b_exp,int,16,2944
476,CONFIG_TRANSDUCEREQUALIZERTYPE,biquad_cell_14.b_exp,int,16,3136
477,CONFIG_TRANSDUCEREQUALIZERTYPE,biquad_cell_15.b_exp,int,16,3328
478,CONFIG_TRANSDUCEREQUALIZERTYPE,biquad_cell_16.b_exp,int,16,3520
479,CONFIG_TRANSDUCEREQUALIZERTYPE,biquad_cell_17.b_exp,int,16,3712
480,CONFIG_TRANSDUCEREQUALIZERTYPE,biquad_cell_18.b_exp,int,16,3904
481,CONFIG_TRANSDUCEREQUALIZERTYPE,biquad_cell_19.b_exp,int,16,4096
482,CONFIG_TRANSDUCEREQUALIZERTYPE,biquad_cell_20.b_exp,int,16,4288
483,CONFIG_TRANSDUCEREQUALIZERTYPE,biquad_cell_21.b_exp,int,16,4480
484,CONFIG_TRANSDUCEREQUALIZERTYPE,biquad_cell_22.b_exp,int,16,4672
485,CONFIG_TRANSDUCEREQUALIZERTYPE,biquad_cell_23.b_exp,int,16,4864
486,CONFIG_TRANSDUCEREQUALIZERTYPE,biquad_cell_24.b_exp,int,16,5056
487,CONFIG_TRANSDUCEREQUALIZERTYPE,biquad_cell_25.b_exp,int,16,5248
488,CONFIG_TRANSDUCEREQUALIZERTYPE,biquad_cell_26.b_exp,int,16,5440
489,CONFIG_TRANSDUCEREQUALIZERTYPE,biquad_cell_27.b_exp,int,16,5632
490,CONFIG_TRANSDUCEREQUALIZERTYPE,biquad_cell_28.b_exp,int,16,5824
491,CONFIG_TRANSDUCEREQUALIZERTYPE,biquad_cell_29.b_exp,int,16,6016
492,CONFIG_TRANSDUCEREQUALIZERTYPE,biquad_cell_30.b_exp,int,16,6208
493,CONFIG_TRANSDUCEREQUALIZERTYPE,biquad_cell_31.b_exp,int,16,6400
494,CONFIG_TRANSDUCEREQUALIZERTYPE,biquad_cell_32.b_exp,int,16,6592
495,CONFIG_TRANSDUCEREQUALIZERTYPE,biquad_cell_33.b_exp,int,16,6784
496,CONFIG_TRANSDUCEREQUALIZERTYPE,biquad_cell_34.b_exp,int,16,6976
497,CONFIG_TRANSDUCEREQUALIZERTYPE,biquad_cell_35.b_exp,int,16,7168
498,CONFIG_TRANSDUCEREQUALIZERTYPE,biquad_cell_36.b_exp,int,16,7360
499,CONFIG_TRANSDUCEREQUALIZERTYPE,biquad_cell_37.b_exp,int,16,7552
500,CONFIG_TRANSDUCEREQUALIZERTYPE,biquad_cell_38.b_exp,int,16,7744
501,CONFIG_TRANSDUCEREQUALIZERTYPE,biquad_cell_39.b_exp,int,16,7936
502,CONFIG_TRANSDUCEREQUALIZERTYPE,biquad_cell_0.b0,int,32,480
503,CONFIG_TRANSDUCEREQUALIZERTYPE,biquad_cell_1.b0,int,32,672
504,CONFIG_TRANSDUCEREQUALIZERTYPE,biquad_cell_2.b0,int,32,864
505,CONFIG_TRANSDUCEREQUALIZERTYPE,biquad_cell_3.b0,int,32,1056
506,CONFIG_TRANSDUCEREQUALIZERTYPE,biquad_cell_4.b0,int,32,1248
507,CONFIG_TRANSDUCEREQUALIZERTYPE,biquad_cell_5.b0,int,32,1440
508,CONFIG_TRANSDUCEREQUALIZERTYPE,biquad_cell_6.b0,int,32,1632
509,CONFIG_TRANSDUCEREQUALIZERTYPE,biquad_cell_7.b0,int,32,1824
510,CONFIG_TRANSDUCEREQUALIZERTYPE,biquad_cell_8.b0,int,32,2016
511,CONFIG_TRANSDUCEREQUALIZERTYPE,biquad_cell_9.b0,int,32,2208
512,CONFIG_TRANSDUCEREQUALIZERTYPE,biquad_cell_10.b0,int,32,2400
513,CONFIG_TRANSDUCEREQUALIZERTYPE,biquad_cell_11.b0,int,32,2592
514,CONFIG_TRANSDUCEREQUALIZERTYPE,biquad_cell_12.b0,int,32,2784
515,CONFIG_TRANSDUCEREQUALIZERTYPE,biquad_cell_13.b0,int,32,2976
516,CONFIG_TRANSDUCEREQUALIZERTYPE,biquad_cell_14.b0,int,32,3168
517,CONFIG_TRANSDUCEREQUALIZERTYPE,biquad_cell_15.b0,int,32,3360
518,CONFIG_TRANSDUCEREQUALIZERTYPE,biquad_cell_16.b0,int,32,3552
519,CONFIG_TRANSDUCEREQUALIZERTYPE,biquad_cell_17.b0,int,32,3744
520,CONFIG_TRANSDUCEREQUALIZERTYPE,biquad_cell_18.b0,int,32,3936
521,CONFIG_TRANSDUCEREQUALIZERTYPE,biquad_cell_19.b0,int,32,4128
522,CONFIG_TRANSDUCEREQUALIZERTYPE,biquad_cell_20.b0,int,32,4320
523,CONFIG_TRANSDUCEREQUALIZERTYPE,biquad_cell_21.b0,int,32,4512
524,CONFIG_TRANSDUCEREQUALIZERTYPE,biquad_cell_22.b0,int,32,4704
525,CONFIG_TRANSDUCEREQUALIZERTYPE,biquad_cell_23.b0,int,32,4896
526,CONFIG_TRANSDUCEREQUALIZERTYPE,biquad_cell_24.b0,int,32,5088
527,CONFIG_TRANSDUCEREQUALIZERTYPE,biquad_cell_25.b0,int,32,5280
528,CONFIG_TRANSDUCEREQUALIZERTYPE,biquad_cell_26.b0,int,32,5472
529,CONFIG_TRANSDUCEREQUALIZERTYPE,biquad_cell_27.b0,int,32,5664
530,CONFIG_TRANSDUCEREQUALIZERTYPE,biquad_cell_28.b0,int,32,5856
531,CONFIG_TRANSDUCEREQUALIZERTYPE,biquad_cell_29.b0,int,32,6048
532,CONFIG_TRANSDUCEREQUALIZERTYPE,biquad_cell_30.b0,int,32,6240
533,CONFIG_TRANSDUCEREQUALIZERTYPE,biquad_cell_31.b0,int,32,6432
534,CONFIG_TRANSDUCEREQUALIZERTYPE,biquad_cell_32.b0,int,32,6624
535,CONFIG_TRANSDUCEREQUALIZERTYPE,biquad_cell_33.b0,int,32,6816
536,CONFIG_TRANSDUCEREQUALIZERTYPE,biquad_cell_34.b0,int,32,7008
537,CONFIG_TRANSDUCEREQUALIZERTYPE,biquad_cell_35.b0,int,32,7200
538,CONFIG_TRANSDUCEREQUALIZERTYPE,biquad_cell_36.b0,int,32,7392
539,CONFIG_TRANSDUCEREQUALIZERTYPE,biquad_cell_37.b0,int,32,7584
540,CONFIG_TRANSDUCEREQUALIZERTYPE,biquad_cell_38.b0,int,32,7776
541,CONFIG_TRANSDUCEREQUALIZERTYPE,biquad_cell_39.b0,int,32,7968
542,CONFIG_TRANSDUCEREQUALIZERTYPE,biquad_cell_0.b1,int,32,512
543,CONFIG_TRANSDUCEREQUALIZERTYPE,biquad_cell_1.b1,int,32,704
544,CONFIG_TRANSDUCEREQUALIZERTYPE,biquad_cell_2.b1,int,32,896
545,CONFIG_TRANSDUCEREQUALIZERTYPE,biquad_cell_3.b1,int,32,1088
546,CONFIG_TRANSDUCEREQUALIZERTYPE,biquad_cell_4.b1,int,32,1280
547,CONFIG_TRANSDUCEREQUALIZERTYPE,biquad_cell_5.b1,int,32,1472
548,CONFIG_TRANSDUCEREQUALIZERTYPE,biquad_cell_6.b1,int,32,1664
549,CONFIG_TRANSDUCEREQUALIZERTYPE,biquad_cell_7.b1,int,32,1856
550,CONFIG_TRANSDUCEREQUALIZERTYPE,biquad_cell_8.b1,int,32,2048
551,CONFIG_TRANSDUCEREQUALIZERTYPE,biquad_cell_9.b1,int,32,2240
552,CONFIG_TRANSDUCEREQUALIZERTYPE,biquad_cell_10.b1,int,32,2432
553,CONFIG_TRANSDUCEREQUALIZERTYPE,biquad_cell_11.b1,int,32,2624
554,CONFIG_TRANSDUCEREQUALIZERTYPE,biquad_cell_12.b1,int,32,2816
555,CONFIG_TRANSDUCEREQUALIZERTYPE,biquad_cell_13.b1,int,32,3008
556,CONFIG_TRANSDUCEREQUALIZERTYPE,biquad_cell_14.b1,int,32,3200
557,CONFIG_TRANSDUCEREQUALIZERTYPE,biquad_cell_15.b1,int,32,3392
558,CONFIG_TRANSDUCEREQUALIZERTYPE,biquad_cell_16.b1,int,32,3584
559,CONFIG_TRANSDUCEREQUALIZERTYPE,biquad_cell_17.b1,int,32,3776
560,CONFIG_TRANSDUCEREQUALIZERTYPE,biquad_cell_18.b1,int,32,3968
561,CONFIG_TRANSDUCEREQUALIZERTYPE,biquad_cell_19.b1,int,32,4160
562,CONFIG_TRANSDUCEREQUALIZERTYPE,biquad_cell_20.b1,int,32,4352
563,CONFIG_TRANSDUCEREQUALIZERTYPE,biquad_cell_21.b1,int,32,4544
564,CONFIG_TRANSDUCEREQUALIZERTYPE,biquad_cell_22.b1,int,32,4736
565,CONFIG_TRANSDUCEREQUALIZERTYPE,biquad_cell_23.b1,int,32,4928
566,CONFIG_TRANSDUCEREQUALIZERTYPE,biquad_cell_24.b1,int,32,5120
567,CONFIG_TRANSDUCEREQUALIZERTYPE,biquad_cell_25.b1,int,32,5312
568,CONFIG_TRANSDUCEREQUALIZERTYPE,biquad_cell_26.b1,int,32,5504
569,CONFIG_TRANSDUCEREQUALIZERTYPE,biquad_cell_27.b1,int,32,5696
570,CONFIG_TRANSDUCEREQUALIZERTYPE,biquad_cell_28.b1,int,32,5888
571,CONFIG_TRANSDUCEREQUALIZERTYPE,biquad_cell_29.b1,int,32,6080
572,CONFIG_TRANSDUCEREQUALIZERTYPE,biquad_cell_30.b1,int,32,6272
573,CONFIG_TRANSDUCEREQUALIZERTYPE,biquad_cell_31.b1,int,32,6464
574,CONFIG_TRANSDUCEREQUALIZERTYPE,biquad_cell_32.b1,int,32,6656
575,CONFIG_TRANSDUCEREQUALIZERTYPE,biquad_cell_33.b1,int,32,6848
576,CONFIG_TRANSDUCEREQUALIZERTYPE,biquad_cell_34.b1,int,32,7040
577,CONFIG_TRANSDUCEREQUALIZERTYPE,biquad_cell_35.b1,int,32,7232
578,CONFIG_TRANSDUCEREQUALIZERTYPE,biquad_cell_36.b1,int,32,7424
579,CONFIG_TRANSDUCEREQUALIZERTYPE,biquad_cell_37.b1,int,32,7616
580,CONFIG_TRANSDUCEREQUALIZERTYPE,biquad_cell_38.b1,int,32,7808
581,CONFIG_TRANSDUCEREQUALIZERTYPE,biquad_cell_39.b1,int,32,8000
582,CONFIG_TRANSDUCEREQUALIZERTYPE,biquad_cell_0.b2,int,32,544
583,CONFIG_TRANSDUCEREQUALIZERTYPE,biquad_cell_1.b2,int,32,736
584,CONFIG_TRANSDUCEREQUALIZERTYPE,biquad_cell_2.b2,int,32,928
585,CONFIG_TRANSDUCEREQUALIZERTYPE,biquad_cell_3.b2,int,32,1120
586,CONFIG_TRANSDUCEREQUALIZERTYPE,biquad_cell_4.b2,int,32,1312
587,CONFIG_TRANSDUCEREQUALIZERTYPE,biquad_cell_5.b2,int,32,1504
588,CONFIG_TRANSDUCEREQUALIZERTYPE,biquad_cell_6.b2,int,32,1696
589,CONFIG_TRANSDUCEREQUALIZERTYPE,biquad_cell_7.b2,int,32,1888
590,CONFIG_TRANSDUCEREQUALIZERTYPE,biquad_cell_8.b2,int,32,2080
591,CONFIG_TRANSDUCEREQUALIZERTYPE,biquad_cell_9.b2,int,32,2272
592,CONFIG_TRANSDUCEREQUALIZERTYPE,biquad_cell_10.b2,int,32,2464
593,CONFIG_TRANSDUCEREQUALIZERTYPE,biquad_cell_11.b2,int,32,2656
594,CONFIG_TRANSDUCEREQUALIZERTYPE,biquad_cell_12.b2,int,32,2848
595,CONFIG_TRANSDUCEREQUALIZERTYPE,biquad_cell_13.b2,int,32,3040
596,CONFIG_TRANSDUCEREQUALIZERTYPE,biquad_cell_14.b2,int,32,3232
597,CONFIG_TRANSDUCEREQUALIZERTYPE,biquad_cell_15.b2,int,32,3424
598,CONFIG_TRANSDUCEREQUALIZERTYPE,biquad_cell_16.b2,int,32,3616
599,CONFIG_TRANSDUCEREQUALIZERTYPE,biquad_cell_17.b2,int,32,3808
600,CONFIG_TRANSDUCEREQUALIZERTYPE,biquad_cell_18.b2,int,32,4000
601,CONFIG_TRANSDUCEREQUALIZERTYPE,biquad_cell_19.b2,int,32,4192
602,CONFIG_TRANSDUCEREQUALIZERTYPE,biquad_cell_20.b2,int,32,4384
603,CONFIG_TRANSDUCEREQUALIZERTYPE,biquad_cell_21.b2,int,32,4576
604,CONFIG_TRANSDUCEREQUALIZERTYPE,biquad_cell_22.b2,int,32,4768
605,CONFIG_TRANSDUCEREQUALIZERTYPE,biquad_cell_23.b2,int,32,4960
606,CONFIG_TRANSDUCEREQUALIZERTYPE,biquad_cell_24.b2,int,32,5152
607,CONFIG_TRANSDUCEREQUALIZERTYPE,biquad_cell_25.b2,int,32,5344
608,CONFIG_TRANSDUCEREQUALIZERTYPE,biquad_cell_26.b2,int,32,5536
609,CONFIG_TRANSDUCEREQUALIZERTYPE,biquad_cell_27.b2,int,32,5728
610,CONFIG_TRANSDUCEREQUALIZERTYPE,biquad_cell_28.b2,int,32,5920
611,CONFIG_TRANSDUCEREQUALIZERTYPE,biquad_cell_29.b2,int,32,6112
612,CONFIG_TRANSDUCEREQUALIZERTYPE,biquad_cell_30.b2,int,32,6304
613,CONFIG_TRANSDUCEREQUALIZERTYPE,biquad_cell_31.b2,int,32,6496
614,CONFIG_TRANSDUCEREQUALIZERTYPE,biquad_cell_32.b2,int,32,6688
615,CONFIG_TRANSDUCEREQUALIZERTYPE,biquad_cell_33.b2,int,32,6880
616,CONFIG_TRANSDUCEREQUALIZERTYPE,biquad_cell_34.b2,int,32,7072
617,CONFIG_TRANSDUCEREQUALIZERTYPE,biquad_cell_35.b2,int,32,7264
618,CONFIG_TRANSDUCEREQUALIZERTYPE,biquad_cell_36.b2,int,32,7456
619,CONFIG_TRANSDUCEREQUALIZERTYPE,biquad_cell_37.b2,int,32,7648
620,CONFIG_TRANSDUCEREQUALIZERTYPE,biquad_cell_38.b2,int,32,7840
621,CONFIG_TRANSDUCEREQUALIZERTYPE,biquad_cell_39.b2,int,32,8032
622,CONFIG_TRANSDUCEREQUALIZERTYPE,biquad_cell_0.a1,int,32,576
623,CONFIG_TRANSDUCEREQUALIZERTYPE,biquad_cell_1.a1,int,32,768
624,CONFIG_TRANSDUCEREQUALIZERTYPE,biquad_cell_2.a1,int,32,960
625,CONFIG_TRANSDUCEREQUALIZERTYPE,biquad_cell_3.a1,int,32,1152
626,CONFIG_TRANSDUCEREQUALIZERTYPE,biquad_cell_4.a1,int,32,1344
627,CONFIG_TRANSDUCEREQUALIZERTYPE,biquad_cell_5.a1,int,32,1536
628,CONFIG_TRANSDUCEREQUALIZERTYPE,biquad_cell_6.a1,int,32,1728
629,CONFIG_TRANSDUCEREQUALIZERTYPE,biquad_cell_7.a1,int,32,1920
630,CONFIG_TRANSDUCEREQUALIZERTYPE,biquad_cell_8.a1,int,32,2112
631,CONFIG_TRANSDUCEREQUALIZERTYPE,biquad_cell_9.a1,int,32,2304
632,CONFIG_TRANSDUCEREQUALIZERTYPE,biquad_cell_10.a1,int,32,2496
633,CONFIG_TRANSDUCEREQUALIZERTYPE,biquad_cell_11.a1,int,32,2688
634,CONFIG_TRANSDUCEREQUALIZERTYPE,biquad_cell_12.a1,int,32,2880
635,CONFIG_TRANSDUCEREQUALIZERTYPE,biquad_cell_13.a1,int,32,3072
636,CONFIG_TRANSDUCEREQUALIZERTYPE,biquad_cell_14.a1,int,32,3264
637,CONFIG_TRANSDUCEREQUALIZERTYPE,biquad_cell_15.a1,int,32,3456
638,CONFIG_TRANSDUCEREQUALIZERTYPE,biquad_cell_16.a1,int,32,3648
639,CONFIG_TRANSDUCEREQUALIZERTYPE,biquad_cell_17.a1,int,32,3840
640,CONFIG_TRANSDUCEREQUALIZERTYPE,biquad_cell_18.a1,int,32,4032
641,CONFIG_TRANSDUCEREQUALIZERTYPE,biquad_cell_19.a1,int,32,4224
642,CONFIG_TRANSDUCEREQUALIZERTYPE,biquad_cell_20.a1,int,32,4416
643,CONFIG_TRANSDUCEREQUALIZERTYPE,biquad_cell_21.a1,int,32,4608
644,CONFIG_TRANSDUCEREQUALIZERTYPE,biquad_cell_22.a1,int,32,4800
645,CONFIG_TRANSDUCEREQUALIZERTYPE,biquad_cell_23.a1,int,32,4992
646,CONFIG_TRANSDUCEREQUALIZERTYPE,biquad_cell_24.a1,int,32,5184
647,CONFIG_TRANSDUCEREQUALIZERTYPE,biquad_cell_25.a1,int,32,5376
648,CONFIG_TRANSDUCEREQUALIZERTYPE,biquad_cell_26.a1,int,32,5568
649,CONFIG_TRANSDUCEREQUALIZERTYPE,biquad_cell_27.a1,int,32,5760
650,CONFIG_TRANSDUCEREQUALIZERTYPE,biquad_cell_28.a1,int,32,5952
651,CONFIG_TRANSDUCEREQUALIZERTYPE,biquad_cell_29.a1,int,32,6144
652,CONFIG_TRANSDUCEREQUALIZERTYPE,biquad_cell_30.a1,int,32,6336
653,CONFIG_TRANSDUCEREQUALIZERTYPE,biquad_cell_31.a1,int,32,6528
654,CONFIG_TRANSDUCEREQUALIZERTYPE,biquad_cell_32.a1,int,32,6720
655,CONFIG_TRANSDUCEREQUALIZERTYPE,biquad_cell_33.a1,int,32,6912
656,CONFIG_TRANSDUCEREQUALIZERTYPE,biquad_cell_34.a1,int,32,7104
657,CONFIG_TRANSDUCEREQUALIZERTYPE,biquad_cell_35.a1,int,32,7296
658,CONFIG_TRANSDUCEREQUALIZERTYPE,biquad_cell_36.a1,int,32,7488
659,CONFIG_TRANSDUCEREQUALIZERTYPE,biquad_cell_37.a1,int,32,7680
660,CONFIG_TRANSDUCEREQUALIZERTYPE,biquad_cell_38.a1,int,32,7872
661,CONFIG_TRANSDUCEREQUALIZERTYPE,biquad_cell_39.a1,int,32,8064
662,CONFIG_TRANSDUCEREQUALIZERTYPE,biquad_cell_0.a2,int,32,608
663,CONFIG_TRANSDUCEREQUALIZERTYPE,biquad_cell_1.a2,int,32,800
664,CONFIG_TRANSDUCEREQUALIZERTYPE,biquad_cell_2.a2,int,32,992
665,CONFIG_TRANSDUCEREQUALIZERTYPE,biquad_cell_3.a2,int,32,1184
666,CONFIG_TRANSDUCEREQUALIZERTYPE,biquad_cell_4.a2,int,32,1376
667,CONFIG_TRANSDUCEREQUALIZERTYPE,biquad_cell_5.a2,int,32,1568
668,CONFIG_TRANSDUCEREQUALIZERTYPE,biquad_cell_6.a2,int,32,1760
669,CONFIG_TRANSDUCEREQUALIZERTYPE,biquad_cell_7.a2,int,32,1952
670,CONFIG_TRANSDUCEREQUALIZERTYPE,biquad_cell_8.a2,int,32,2144
671,CONFIG_TRANSDUCEREQUALIZERTYPE,biquad_cell_9.a2,int,32,2336
672,CONFIG_TRANSDUCEREQUALIZERTYPE,biquad_cell_10.a2,int,32,2528
673,CONFIG_TRANSDUCEREQUALIZERTYPE,biquad_cell_11.a2,int,32,2720
674,CONFIG_TRANSDUCEREQUALIZERTYPE,biquad_cell_12.a2,int,32,2912
675,CONFIG_TRANSDUCEREQUALIZERTYPE,biquad_cell_13.a2,int,32,3104
676,CONFIG_TRANSDUCEREQUALIZERTYPE,biquad_cell_14.a2,int,32,3296
677,CONFIG_TRANSDUCEREQUALIZERTYPE,biquad_cell_15.a2,int,32,3488
678,CONFIG_TRANSDUCEREQUALIZERTYPE,biquad_cell_16.a2,int,32,3680
679,CONFIG_TRANSDUCEREQUALIZERTYPE,biquad_cell_17.a2,int,32,3872
680,CONFIG_TRANSDUCEREQUALIZERTYPE,biquad_cell_18.a2,int,32,4064
681,CONFIG_TRANSDUCEREQUALIZERTYPE,biquad_cell_19.a2,int,32,4256
682,CONFIG_TRANSDUCEREQUALIZERTYPE,biquad_cell_20.a2,int,32,4448
683,CONFIG_TRANSDUCEREQUALIZERTYPE,biquad_cell_21.a2,int,32,4640
684,CONFIG_TRANSDUCEREQUALIZERTYPE,biquad_cell_22.a2,int,32,4832
685,CONFIG_TRANSDUCEREQUALIZERTYPE,biquad_cell_23.a2,int,32,5024
686,CONFIG_TRANSDUCEREQUALIZERTYPE,biquad_cell_24.a2,int,32,5216
687,CONFIG_TRANSDUCEREQUALIZERTYPE,biquad_cell_25.a2,int,32,5408
688,CONFIG_TRANSDUCEREQUALIZERTYPE,biquad_cell_26.a2,int,32,5600
689,CONFIG_TRANSDUCEREQUALIZERTYPE,biquad_cell_27.a2,int,32,5792
690,CONFIG_TRANSDUCEREQUALIZERTYPE,biquad_cell_28.a2,int,32,5984
691,CONFIG_TRANSDUCEREQUALIZERTYPE,biquad_cell_29.a2,int,32,6176
692,CONFIG_TRANSDUCEREQUALIZERTYPE,biquad_cell_30.a2,int,32,6368
693,CONFIG_TRANSDUCEREQUALIZERTYPE,biquad_cell_31.a2,int,32,6560
694,CONFIG_TRANSDUCEREQUALIZERTYPE,biquad_cell_32.a2,int,32,6752
695,CONFIG_TRANSDUCEREQUALIZERTYPE,biquad_cell_33.a2,int,32,6944
696,CONFIG_TRANSDUCEREQUALIZERTYPE,biquad_cell_34.a2,int,32,7136
697,CONFIG_TRANSDUCEREQUALIZERTYPE,biquad_cell_35.a2,int,32,7328
698,CONFIG_TRANSDUCEREQUALIZERTYPE,biquad_cell_36.a2,int,32,7520
699,CONFIG_TRANSDUCEREQUALIZERTYPE,biquad_cell_37.a2,int,32,7712
700,CONFIG_TRANSDUCEREQUALIZERTYPE,biquad_cell_38.a2,int,32,7904
701,CONFIG_TRANSDUCEREQUALIZERTYPE,biquad_cell_39.a2,int,32,8096
702,CONFIG_TRANSDUCEREQUALIZERTYPE,FIR_coef_0,int,32,8128
703,CONFIG_TRANSDUCEREQUALIZERTYPE,FIR_coef_1,int,32,8160
704,CONFIG_TRANSDUCEREQUALIZERTYPE,FIR_coef_2,int,32,8192
705,CONFIG_TRANSDUCEREQUALIZERTYPE,FIR_coef_3,int,32,8224
706,CONFIG_TRANSDUCEREQUALIZERTYPE,FIR_coef_4,int,32,8256
707,CONFIG_TRANSDUCEREQUALIZERTYPE,FIR_coef_5,int,32,8288
708,CONFIG_TRANSDUCEREQUALIZERTYPE,FIR_coef_6,int,32,8320
709,CONFIG_TRANSDUCEREQUALIZERTYPE,FIR_coef_7,int,32,8352
710,CONFIG_TRANSDUCEREQUALIZERTYPE,FIR_coef_8,int,32,8384
711,CONFIG_TRANSDUCEREQUALIZERTYPE,FIR_coef_9,int,32,8416
712,CONFIG_TRANSDUCEREQUALIZERTYPE,FIR_coef_10,int,32,8448
713,CONFIG_TRANSDUCEREQUALIZERTYPE,FIR_coef_11,int,32,8480
714,CONFIG_TRANSDUCEREQUALIZERTYPE,FIR_coef_12,int,32,8512
715,CONFIG_TRANSDUCEREQUALIZERTYPE,FIR_coef_13,int,32,8544
716,CONFIG_TRANSDUCEREQUALIZERTYPE,FIR_coef_14,int,32,8576
717,CONFIG_TRANSDUCEREQUALIZERTYPE,FIR_coef_15,int,32,8608
718,CONFIG_TRANSDUCEREQUALIZERTYPE,FIR_coef_16,int,32,8640
719,CONFIG_TRANSDUCEREQUALIZERTYPE,FIR_coef_17,int,32,8672
720,CONFIG_TRANSDUCEREQUALIZERTYPE,FIR_coef_18,int,32,8704
721,CONFIG_TRANSDUCEREQUALIZERTYPE,FIR_coef_19,int,32,8736
722,CONFIG_TRANSDUCEREQUALIZERTYPE,FIR_coef_20,int,32,8768
723,CONFIG_TRANSDUCEREQUALIZERTYPE,FIR_coef_21,int,32,8800
724,CONFIG_TRANSDUCEREQUALIZERTYPE,FIR_coef_22,int,32,8832
725,CONFIG_TRANSDUCEREQUALIZERTYPE,FIR_coef_23,int,32,8864
726,CONFIG_TRANSDUCEREQUALIZERTYPE,FIR_coef_24,int,32,8896
727,CONFIG_TRANSDUCEREQUALIZERTYPE,FIR_coef_25,int,32,8928
728,CONFIG_TRANSDUCEREQUALIZERTYPE,FIR_coef_26,int,32,8960
729,CONFIG_TRANSDUCEREQUALIZERTYPE,FIR_coef_27,int,32,8992
730,CONFIG_TRANSDUCEREQUALIZERTYPE,FIR_coef_28,int,32,9024
731,CONFIG_TRANSDUCEREQUALIZERTYPE,FIR_coef_29,int,32,9056
732,CONFIG_TRANSDUCEREQUALIZERTYPE,FIR_coef_30,int,32,9088
733,CONFIG_TRANSDUCEREQUALIZERTYPE,FIR_coef_31,int,32,9120
734,CONFIG_TRANSDUCEREQUALIZERTYPE,FIR_coef_32,int,32,9152
735,CONFIG_TRANSDUCEREQUALIZERTYPE,FIR_coef_33,int,32,9184
736,CONFIG_TRANSDUCEREQUALIZERTYPE,FIR_coef_34,int,32,9216
737,CONFIG_TRANSDUCEREQUALIZERTYPE,FIR_coef_35,int,32,9248
738,CONFIG_TRANSDUCEREQUALIZERTYPE,FIR_coef_36,int,32,9280
739,CONFIG_TRANSDUCEREQUALIZERTYPE,FIR_coef_37,int,32,9312
740,CONFIG_TRANSDUCEREQUALIZERTYPE,FIR_coef_38,int,32,9344
741,CONFIG_TRANSDUCEREQUALIZERTYPE,FIR_coef_39,int,32,9376
742,CONFIG_TRANSDUCEREQUALIZERTYPE,FIR_coef_40,int,32,9408
743,CONFIG_TRANSDUCEREQUALIZERTYPE,FIR_coef_41,int,32,9440
744,CONFIG_TRANSDUCEREQUALIZERTYPE,FIR_coef_42,int,32,9472
745,CONFIG_TRANSDUCEREQUALIZERTYPE,FIR_coef_43,int,32,9504
746,CONFIG_TRANSDUCEREQUALIZERTYPE,FIR_coef_44,int,32,9536
747,CONFIG_TRANSDUCEREQUALIZERTYPE,FIR_coef_45,int,32,9568
748,CONFIG_TRANSDUCEREQUALIZERTYPE,FIR_coef_46,int,32,9600
749,CONFIG_TRANSDUCEREQUALIZERTYPE,FIR_coef_47,int,32,9632
750,CONFIG_TRANSDUCEREQUALIZERTYPE,FIR_coef_48,int,32,9664
751,CONFIG_TRANSDUCEREQUALIZERTYPE,FIR_coef_49,int,32,9696
752,CONFIG_TRANSDUCEREQUALIZERTYPE,FIR_coef_50,int,32,9728
753,CONFIG_TRANSDUCEREQUALIZERTYPE,FIR_coef_51,int,32,9760
754,CONFIG_TRANSDUCEREQUALIZERTYPE,FIR_coef_52,int,32,9792
755,CONFIG_TRANSDUCEREQUALIZERTYPE,FIR_coef_53,int,32,9824
756,CONFIG_TRANSDUCEREQUALIZERTYPE,FIR_coef_54,int,32,9856
757,CONFIG_TRANSDUCEREQUALIZERTYPE,FIR_coef_55,int,32,9888
758,CONFIG_TRANSDUCEREQUALIZERTYPE,FIR_coef_56,int,32,9920
759,CONFIG_TRANSDUCEREQUALIZERTYPE,FIR_coef_57,int,32,9952
760,CONFIG_TRANSDUCEREQUALIZERTYPE,FIR_coef_58,int,32,9984
761,CONFIG_TRANSDUCEREQUALIZERTYPE,FIR_coef_59,int,32,10016
762,CONFIG_TRANSDUCEREQUALIZERTYPE,FIR_coef_60,int,32,10048
763,CONFIG_TRANSDUCEREQUALIZERTYPE,FIR_coef_61,int,32,10080
764,CONFIG_TRANSDUCEREQUALIZERTYPE,FIR_coef_62,int,32,10112
765,CONFIG_TRANSDUCEREQUALIZERTYPE,FIR_coef_63,int,32,10144
766,CONFIG_TRANSDUCEREQUALIZERTYPE,FIR_coef_64,int,32,10176
767,CONFIG_TRANSDUCEREQUALIZERTYPE,FIR_coef_65,int,32,10208
768,CONFIG_TRANSDUCEREQUALIZERTYPE,FIR_coef_66,int,32,10240
769,CONFIG_TRANSDUCEREQUALIZERTYPE,FIR_coef_67,int,32,10272
770,CONFIG_TRANSDUCEREQUALIZERTYPE,FIR_coef_68,int,32,10304
771,CONFIG_TRANSDUCEREQUALIZERTYPE,FIR_coef_69,int,32,10336
772,CONFIG_TRANSDUCEREQUALIZERTYPE,FIR_coef_70,int,32,10368
773,CONFIG_TRANSDUCEREQUALIZERTYPE,FIR_coef_71,int,32,10400
774,CONFIG_TRANSDUCEREQUALIZERTYPE,FIR_coef_72,int,32,10432
775,CONFIG_TRANSDUCEREQUALIZERTYPE,FIR_coef_73,int,32,10464
776,CONFIG_TRANSDUCEREQUALIZERTYPE,FIR_coef_74,int,32,10496
777,CONFIG_TRANSDUCEREQUALIZERTYPE,FIR_coef_75,int,32,10528
778,CONFIG_TRANSDUCEREQUALIZERTYPE,FIR_coef_76,int,32,10560
779,CONFIG_TRANSDUCEREQUALIZERTYPE,FIR_coef_77,int,32,10592
780,CONFIG_TRANSDUCEREQUALIZERTYPE,FIR_coef_78,int,32,10624
781,CONFIG_TRANSDUCEREQUALIZERTYPE,FIR_coef_79,int,32,10656
782,CONFIG_TRANSDUCEREQUALIZERTYPE,FIR_coef_80,int,32,10688
783,CONFIG_TRANSDUCEREQUALIZERTYPE,FIR_coef_81,int,32,10720
784,CONFIG_TRANSDUCEREQUALIZERTYPE,FIR_coef_82,int,32,10752
785,CONFIG_TRANSDUCEREQUALIZERTYPE,FIR_coef_83,int,32,10784
786,CONFIG_TRANSDUCEREQUALIZERTYPE,FIR_coef_84,int,32,10816
787,CONFIG_TRANSDUCEREQUALIZERTYPE,FIR_coef_85,int,32,10848
788,CONFIG_TRANSDUCEREQUALIZERTYPE,FIR_coef_86,int,32,10880
789,CONFIG_TRANSDUCEREQUALIZERTYPE,FIR_coef_87,int,32,10912
790,CONFIG_TRANSDUCEREQUALIZERTYPE,FIR_coef_88,int,32,10944
791,CONFIG_TRANSDUCEREQUALIZERTYPE,FIR_coef_89,int,32,10976
792,CONFIG_TRANSDUCEREQUALIZERTYPE,FIR_coef_90,int,32,11008
793,CONFIG_TRANSDUCEREQUALIZERTYPE,FIR_coef_91,int,32,11040
794,CONFIG_TRANSDUCEREQUALIZERTYPE,FIR_coef_92,int,32,11072
795,CONFIG_TRANSDUCEREQUALIZERTYPE,FIR_coef_93,int,32,11104
796,CONFIG_TRANSDUCEREQUALIZERTYPE,FIR_coef_94,int,32,11136
797,CONFIG_TRANSDUCEREQUALIZERTYPE,FIR_coef_95,int,32,11168
798,CONFIG_TRANSDUCEREQUALIZERTYPE,FIR_coef_96,int,32,11200
799,CONFIG_TRANSDUCEREQUALIZERTYPE,FIR_coef_97,int,32,11232
800,CONFIG_TRANSDUCEREQUALIZERTYPE,FIR_coef_98,int,32,11264
801,CONFIG_TRANSDUCEREQUALIZERTYPE,FIR_coef_99,int,32,11296
802,CONFIG_TRANSDUCEREQUALIZERTYPE,FIR_coef_100,int,32,11328
803,CONFIG_TRANSDUCEREQUALIZERTYPE,FIR_coef_101,int,32,11360
804,CONFIG_TRANSDUCEREQUALIZERTYPE,FIR_coef_102,int,32,11392
805,CONFIG_TRANSDUCEREQUALIZERTYPE,FIR_coef_103,int,32,11424
806,CONFIG_TRANSDUCEREQUALIZERTYPE,FIR_coef_104,int,32,11456
807,CONFIG_TRANSDUCEREQUALIZERTYPE,FIR_coef_105,int,32,11488
808,CONFIG_TRANSDUCEREQUALIZERTYPE,FIR_coef_106,int,32,11520
809,CONFIG_TRANSDUCEREQUALIZERTYPE,FIR_coef_107,int,32,11552
810,CONFIG_TRANSDUCEREQUALIZERTYPE,FIR_coef_108,int,32,11584
811,CONFIG_TRANSDUCEREQUALIZERTYPE,FIR_coef_109,int,32,11616
812,CONFIG_TRANSDUCEREQUALIZERTYPE,FIR_coef_110,int,32,11648
813,CONFIG_TRANSDUCEREQUALIZERTYPE,FIR_coef_111,int,32,11680
814,CONFIG_TRANSDUCEREQUALIZERTYPE,FIR_coef_112,int,32,11712
815,CONFIG_TRANSDUCEREQUALIZERTYPE,FIR_coef_113,int,32,11744
816,CONFIG_TRANSDUCEREQUALIZERTYPE,FIR_coef_114,int,32,11776
817,CONFIG_TRANSDUCEREQUALIZERTYPE,FIR_coef_115,int,32,11808
818,CONFIG_TRANSDUCEREQUALIZERTYPE,FIR_coef_116,int,32,11840
819,CONFIG_TRANSDUCEREQUALIZERTYPE,FIR_coef_117,int,32,11872
820,CONFIG_TRANSDUCEREQUALIZERTYPE,FIR_coef_118,int,32,11904
821,CONFIG_TRANSDUCEREQUALIZERTYPE,FIR_coef_119,int,32,11936
822,CONFIG_TRANSDUCEREQUALIZERTYPE,FIR_coef_120,int,32,11968
823,CONFIG_TRANSDUCEREQUALIZERTYPE,FIR_coef_121,int,32,12000
824,CONFIG_TRANSDUCEREQUALIZERTYPE,FIR_coef_122,int,32,12032
825,CONFIG_TRANSDUCEREQUALIZERTYPE,FIR_coef_123,int,32,12064
826,CONFIG_TRANSDUCEREQUALIZERTYPE,FIR_coef_124,int,32,12096
827,CONFIG_TRANSDUCEREQUALIZERTYPE,FIR_coef_125,int,32,12128
828,CONFIG_TRANSDUCEREQUALIZERTYPE,FIR_coef_126,int,32,12160
829,CONFIG_TRANSDUCEREQUALIZERTYPE,FIR_coef_127,int,32,12192
830,CONFIG_TRANSDUCEREQUALIZERTYPE,FIR_coef_128,int,32,12224
831,CONFIG_TRANSDUCEREQUALIZERTYPE,FIR_coef_129,int,32,12256
832,CONFIG_TRANSDUCEREQUALIZERTYPE,FIR_coef_130,int,32,12288
833,CONFIG_TRANSDUCEREQUALIZERTYPE,FIR_coef_131,int,32,12320
834,CONFIG_TRANSDUCEREQUALIZERTYPE,FIR_coef_132,int,32,12352
835,CONFIG_TRANSDUCEREQUALIZERTYPE,FIR_coef_133,int,32,12384
836,CONFIG_TRANSDUCEREQUALIZERTYPE,FIR_coef_134,int,32,12416
837,CONFIG_TRANSDUCEREQUALIZERTYPE,FIR_coef_135,int,32,12448
838,CONFIG_TRANSDUCEREQUALIZERTYPE,FIR_coef_136,int,32,12480
839,CONFIG_TRANSDUCEREQUALIZERTYPE,FIR_coef_137,int,32,12512
840,CONFIG_TRANSDUCEREQUALIZERTYPE,FIR_coef_138,int,32,12544
841,CONFIG_TRANSDUCEREQUALIZERTYPE,FIR_coef_139,int,32,12576
842,CONFIG_TRANSDUCEREQUALIZERTYPE,FIR_coef_140,int,32,12608
843,CONFIG_TRANSDUCEREQUALIZERTYPE,FIR_coef_141,int,32,12640
844,CONFIG_TRANSDUCEREQUALIZERTYPE,FIR_coef_142,int,32,12672
845,CONFIG_TRANSDUCEREQUALIZERTYPE,FIR_coef_143,int,32,12704
846,CONFIG_TRANSDUCEREQUALIZERTYPE,FIR_coef_144,int,32,12736
847,CONFIG_TRANSDUCEREQUALIZERTYPE,FIR_coef_145,int,32,12768
848,CONFIG_TRANSDUCEREQUALIZERTYPE,FIR_coef_146,int,32,12800
849,CONFIG_TRANSDUCEREQUALIZERTYPE,FIR_coef_147,int,32,12832
850,CONFIG_TRANSDUCEREQUALIZERTYPE,FIR_coef_148,int,32,12864
851,CONFIG_TRANSDUCEREQUALIZERTYPE,FIR_coef_149,int,32,12896
852,CONFIG_TRANSDUCEREQUALIZERTYPE,FIR_coef_150,int,32,12928
853,CONFIG_TRANSDUCEREQUALIZERTYPE,FIR_coef_151,int,32,12960
854,CONFIG_TRANSDUCEREQUALIZERTYPE,FIR_coef_152,int,32,12992
855,CONFIG_TRANSDUCEREQUALIZERTYPE,FIR_coef_153,int,32,13024
856,CONFIG_TRANSDUCEREQUALIZERTYPE,FIR_coef_154,int,32,13056
857,CONFIG_TRANSDUCEREQUALIZERTYPE,FIR_coef_155,int,32,13088
858,CONFIG_TRANSDUCEREQUALIZERTYPE,FIR_coef_156,int,32,13120
859,CONFIG_TRANSDUCEREQUALIZERTYPE,FIR_coef_157,int,32,13152
860,CONFIG_TRANSDUCEREQUALIZERTYPE,FIR_coef_158,int,32,13184
861,CONFIG_TRANSDUCEREQUALIZERTYPE,FIR_coef_159,int,32,13216
862,CONFIG_TRANSDUCEREQUALIZERTYPE,FIR_coef_160,int,32,13248
863,CONFIG_TRANSDUCEREQUALIZERTYPE,FIR_coef_161,int,32,13280
864,CONFIG_TRANSDUCEREQUALIZERTYPE,FIR_coef_162,int,32,13312
865,CONFIG_TRANSDUCEREQUALIZERTYPE,FIR_coef_163,int,32,13344
866,CONFIG_TRANSDUCEREQUALIZERTYPE,FIR_coef_164,int,32,13376
867,CONFIG_TRANSDUCEREQUALIZERTYPE,FIR_coef_165,int,32,13408
868,CONFIG_TRANSDUCEREQUALIZERTYPE,FIR_coef_166,int,32,13440
869,CONFIG_TRANSDUCEREQUALIZERTYPE,FIR_coef_167,int,32,13472
870,CONFIG_TRANSDUCEREQUALIZERTYPE,FIR_coef_168,int,32,13504
871,CONFIG_TRANSDUCEREQUALIZERTYPE,FIR_coef_169,int,32,13536
872,CONFIG_TRANSDUCEREQUALIZERTYPE,FIR_coef_170,int,32,13568
873,CONFIG_TRANSDUCEREQUALIZERTYPE,FIR_coef_171,int,32,13600
874,CONFIG_TRANSDUCEREQUALIZERTYPE,FIR_coef_172,int,32,13632
875,CONFIG_TRANSDUCEREQUALIZERTYPE,FIR_coef_173,int,32,13664
876,CONFIG_TRANSDUCEREQUALIZERTYPE,FIR_coef_174,int,32,13696
877,CONFIG_TRANSDUCEREQUALIZERTYPE,FIR_coef_175,int,32,13728
878,CONFIG_TRANSDUCEREQUALIZERTYPE,FIR_coef_176,int,32,13760
879,CONFIG_TRANSDUCEREQUALIZERTYPE,FIR_coef_177,int,32,13792
880,CONFIG_TRANSDUCEREQUALIZERTYPE,FIR_coef_178,int,32,13824
881,CONFIG_TRANSDUCEREQUALIZERTYPE,FIR_coef_179,int,32,13856
882,CONFIG_TRANSDUCEREQUALIZERTYPE,FIR_coef_180,int,32,13888
883,CONFIG_TRANSDUCEREQUALIZERTYPE,FIR_coef_181,int,32,13920
884,CONFIG_TRANSDUCEREQUALIZERTYPE,FIR_coef_182,int,32,13952
885,CONFIG_TRANSDUCEREQUALIZERTYPE,FIR_coef_183,int,32,13984
886,CONFIG_TRANSDUCEREQUALIZERTYPE,FIR_coef_184,int,32,14016
887,CONFIG_TRANSDUCEREQUALIZERTYPE,FIR_coef_185,int,32,14048
888,CONFIG_TRANSDUCEREQUALIZERTYPE,FIR_coef_186,int,32,14080
889,CONFIG_TRANSDUCEREQUALIZERTYPE,FIR_coef_187,int,32,14112
890,CONFIG_TRANSDUCEREQUALIZERTYPE,FIR_coef_188,int,32,14144
891,CONFIG_TRANSDUCEREQUALIZERTYPE,FIR_coef_189,int,32,14176
892,CONFIG_TRANSDUCEREQUALIZERTYPE,FIR_coef_190,int,32,14208
893,CONFIG_TRANSDUCEREQUALIZERTYPE,FIR_coef_191,int,32,14240
894,CONFIG_TRANSDUCEREQUALIZERTYPE,FIR_coef_192,int,32,14272
895,CONFIG_TRANSDUCEREQUALIZERTYPE,FIR_coef_193,int,32,14304
896,CONFIG_TRANSDUCEREQUALIZERTYPE,FIR_coef_194,int,32,14336
897,CONFIG_TRANSDUCEREQUALIZERTYPE,FIR_coef_195,int,32,14368
898,CONFIG_TRANSDUCEREQUALIZERTYPE,FIR_coef_196,int,32,14400
899,CONFIG_TRANSDUCEREQUALIZERTYPE,FIR_coef_197,int,32,14432
900,CONFIG_TRANSDUCEREQUALIZERTYPE,FIR_coef_198,int,32,14464
901,CONFIG_TRANSDUCEREQUALIZERTYPE,FIR_coef_199,int,32,14496
902,CONFIG_TRANSDUCEREQUALIZERTYPE,FIR_coef_200,int,32,14528
903,CONFIG_TRANSDUCEREQUALIZERTYPE,FIR_coef_201,int,32,14560
904,CONFIG_TRANSDUCEREQUALIZERTYPE,FIR_coef_202,int,32,14592
905,CONFIG_TRANSDUCEREQUALIZERTYPE,FIR_coef_203,int,32,14624
906,CONFIG_TRANSDUCEREQUALIZERTYPE,FIR_coef_204,int,32,14656
907,CONFIG_TRANSDUCEREQUALIZERTYPE,FIR_coef_205,int,32,14688
908,CONFIG_TRANSDUCEREQUALIZERTYPE,FIR_coef_206,int,32,14720
909,CONFIG_TRANSDUCEREQUALIZERTYPE,FIR_coef_207,int,32,14752
910,CONFIG_TRANSDUCEREQUALIZERTYPE,FIR_coef_208,int,32,14784
911,CONFIG_TRANSDUCEREQUALIZERTYPE,FIR_coef_209,int,32,14816
912,CONFIG_TRANSDUCEREQUALIZERTYPE,FIR_coef_210,int,32,14848
913,CONFIG_TRANSDUCEREQUALIZERTYPE,FIR_coef_211,int,32,14880
914,CONFIG_TRANSDUCEREQUALIZERTYPE,FIR_coef_212,int,32,14912
915,CONFIG_TRANSDUCEREQUALIZERTYPE,FIR_coef_213,int,32,14944
916,CONFIG_TRANSDUCEREQUALIZERTYPE,FIR_coef_214,int,32,14976
917,CONFIG_TRANSDUCEREQUALIZERTYPE,FIR_coef_215,int,32,15008
918,CONFIG_TRANSDUCEREQUALIZERTYPE,FIR_coef_216,int,32,15040
919,CONFIG_TRANSDUCEREQUALIZERTYPE,FIR_coef_217,int,32,15072
920,CONFIG_TRANSDUCEREQUALIZERTYPE,FIR_coef_218,int,32,15104
921,CONFIG_TRANSDUCEREQUALIZERTYPE,FIR_coef_219,int,32,15136
922,CONFIG_TRANSDUCEREQUALIZERTYPE,FIR_coef_220,int,32,15168
923,CONFIG_TRANSDUCEREQUALIZERTYPE,FIR_coef_221,int,32,15200
924,CONFIG_TRANSDUCEREQUALIZERTYPE,FIR_coef_222,int,32,15232
925,CONFIG_TRANSDUCEREQUALIZERTYPE,FIR_coef_223,int,32,15264
926,CONFIG_TRANSDUCEREQUALIZERTYPE,FIR_coef_224,int,32,15296
927,CONFIG_TRANSDUCEREQUALIZERTYPE,FIR_coef_225,int,32,15328
928,CONFIG_TRANSDUCEREQUALIZERTYPE,FIR_coef_226,int,32,15360
929,CONFIG_TRANSDUCEREQUALIZERTYPE,FIR_coef_227,int,32,15392
930,CONFIG_TRANSDUCEREQUALIZERTYPE,FIR_coef_228,int,32,15424
931,CONFIG_TRANSDUCEREQUALIZERTYPE,FIR_coef_229,int,32,15456
932,CONFIG_TRANSDUCEREQUALIZERTYPE,FIR_coef_230,int,32,15488
933,CONFIG_TRANSDUCEREQUALIZERTYPE,FIR_coef_231,int,32,15520
934,CONFIG_TRANSDUCEREQUALIZERTYPE,FIR_coef_232,int,32,15552
935,CONFIG_TRANSDUCEREQUALIZERTYPE,FIR_coef_233,int,32,15584
936,CONFIG_TRANSDUCEREQUALIZERTYPE,FIR_coef_234,int,32,15616
937,CONFIG_TRANSDUCEREQUALIZERTYPE,FIR_coef_235,int,32,15648
938,CONFIG_TRANSDUCEREQUALIZERTYPE,FIR_coef_236,int,32,15680
939,CONFIG_TRANSDUCEREQUALIZERTYPE,FIR_coef_237,int,32,15712
940,CONFIG_TRANSDUCEREQUALIZERTYPE,FIR_coef_238,int,32,15744
941,CONFIG_TRANSDUCEREQUALIZERTYPE,FIR_coef_239,int,32,15776
942,CONFIG_TRANSDUCEREQUALIZERTYPE,FIR_coef_240,int,32,15808
943,CONFIG_TRANSDUCEREQUALIZERTYPE,FIR_coef_241,int,32,15840
944,CONFIG_TRANSDUCEREQUALIZERTYPE,FIR_coef_242,int,32,15872
945,CONFIG_TRANSDUCEREQUALIZERTYPE,FIR_coef_243,int,32,15904
946,CONFIG_TRANSDUCEREQUALIZERTYPE,FIR_coef_244,int,32,15936
947,CONFIG_TRANSDUCEREQUALIZERTYPE,FIR_coef_245,int,32,15968
948,CONFIG_TRANSDUCEREQUALIZERTYPE,FIR_coef_246,int,32,16000
949,CONFIG_TRANSDUCEREQUALIZERTYPE,FIR_coef_247,int,32,16032
950,CONFIG_TRANSDUCEREQUALIZERTYPE,FIR_coef_248,int,32,16064
951,CONFIG_TRANSDUCEREQUALIZERTYPE,FIR_coef_249,int,32,16096
952,CONFIG_TRANSDUCEREQUALIZERTYPE,FIR_coef_250,int,32,16128
953,CONFIG_TRANSDUCEREQUALIZERTYPE,FIR_coef_251,int,32,16160
954,CONFIG_TRANSDUCEREQUALIZERTYPE,FIR_coef_252,int,32,16192
955,CONFIG_TRANSDUCEREQUALIZERTYPE,FIR_coef_253,int,32,16224
956,CONFIG_TRANSDUCEREQUALIZERTYPE,FIR_coef_254,int,32,16256
957,CONFIG_TRANSDUCEREQUALIZERTYPE,FIR_coef_255,int,32,16288
958,CONFIG_TRANSDUCEREQUALIZERTYPE,FIR_coef_256,int,32,16320
959,CONFIG_TRANSDUCEREQUALIZERTYPE,FIR_coef_257,int,32,16352
960,CONFIG_TRANSDUCEREQUALIZERTYPE,FIR_coef_258,int,32,16384
961,CONFIG_TRANSDUCEREQUALIZERTYPE,FIR_coef_259,int,32,16416
962,CONFIG_TRANSDUCEREQUALIZERTYPE,FIR_coef_260,int,32,16448
963,CONFIG_TRANSDUCEREQUALIZERTYPE,FIR_coef_261,int,32,16480
964,CONFIG_TRANSDUCEREQUALIZERTYPE,FIR_coef_262,int,32,16512
965,CONFIG_TRANSDUCEREQUALIZERTYPE,FIR_coef_263,int,32,16544
966,CONFIG_TRANSDUCEREQUALIZERTYPE,FIR_coef_264,int,32,16576
967,CONFIG_TRANSDUCEREQUALIZERTYPE,FIR_coef_265,int,32,16608
968,CONFIG_TRANSDUCEREQUALIZERTYPE,FIR_coef_266,int,32,16640
969,CONFIG_TRANSDUCEREQUALIZERTYPE,FIR_coef_267,int,32,16672
970,CONFIG_TRANSDUCEREQUALIZERTYPE,FIR_coef_268,int,32,16704
971,CONFIG_TRANSDUCEREQUALIZERTYPE,FIR_coef_269,int,32,16736
972,CONFIG_TRANSDUCEREQUALIZERTYPE,FIR_coef_270,int,32,16768
973,CONFIG_TRANSDUCEREQUALIZERTYPE,FIR_coef_271,int,32,16800
974,CONFIG_TRANSDUCEREQUALIZERTYPE,FIR_coef_272,int,32,16832
975,CONFIG_TRANSDUCEREQUALIZERTYPE,FIR_coef_273,int,32,16864
976,CONFIG_TRANSDUCEREQUALIZERTYPE,FIR_coef_274,int,32,16896
977,CONFIG_TRANSDUCEREQUALIZERTYPE,FIR_coef_275,int,32,16928
978,CONFIG_TRANSDUCEREQUALIZERTYPE,FIR_coef_276,int,32,16960
979,CONFIG_TRANSDUCEREQUALIZERTYPE,FIR_coef_277,int,32,16992
980,CONFIG_TRANSDUCEREQUALIZERTYPE,FIR_coef_278,int,32,17024
981,CONFIG_TRANSDUCEREQUALIZERTYPE,FIR_coef_279,int,32,17056
982,CONFIG_TRANSDUCEREQUALIZERTYPE,FIR_coef_280,int,32,17088
983,CONFIG_TRANSDUCEREQUALIZERTYPE,FIR_coef_281,int,32,17120
984,CONFIG_TRANSDUCEREQUALIZERTYPE,FIR_coef_282,int,32,17152
985,CONFIG_TRANSDUCEREQUALIZERTYPE,FIR_coef_283,int,32,17184
986,CONFIG_TRANSDUCEREQUALIZERTYPE,FIR_coef_284,int,32,17216
987,CONFIG_TRANSDUCEREQUALIZERTYPE,FIR_coef_285,int,32,17248
988,CONFIG_TRANSDUCEREQUALIZERTYPE,FIR_coef_286,int,32,17280
989,CONFIG_TRANSDUCEREQUALIZERTYPE,FIR_coef_287,int,32,17312
990,CONFIG_TRANSDUCEREQUALIZERTYPE,FIR_coef_288,int,32,17344
991,CONFIG_TRANSDUCEREQUALIZERTYPE,FIR_coef_289,int,32,17376
992,CONFIG_TRANSDUCEREQUALIZERTYPE,FIR_coef_290,int,32,17408
993,CONFIG_TRANSDUCEREQUALIZERTYPE,FIR_coef_291,int,32,17440
994,CONFIG_TRANSDUCEREQUALIZERTYPE,FIR_coef_292,int,32,17472
995,CONFIG_TRANSDUCEREQUALIZERTYPE,FIR_coef_293,int,32,17504
996,CONFIG_TRANSDUCEREQUALIZERTYPE,FIR_coef_294,int,32,17536
997,CONFIG_TRANSDUCEREQUALIZERTYPE,FIR_coef_295,int,32,17568
998,CONFIG_TRANSDUCEREQUALIZERTYPE,FIR_coef_296,int,32,17600
999,CONFIG_TRANSDUCEREQUALIZERTYPE,FIR_coef_297,int,32,17632
1000,CONFIG_TRANSDUCEREQUALIZERTYPE,FIR_coef_298,int,32,17664
1001,CONFIG_TRANSDUCEREQUALIZERTYPE,FIR_coef_299,int,32,17696
1002,CONFIG_TRANSDUCEREQUALIZERTYPE,FIR_coef_300,int,32,17728
1003,CONFIG_TRANSDUCEREQUALIZERTYPE,FIR_coef_301,int,32,17760
1004,CONFIG_TRANSDUCEREQUALIZERTYPE,FIR_coef_302,int,32,17792
1005,CONFIG_TRANSDUCEREQUALIZERTYPE,FIR_coef_303,int,32,17824
1006,CONFIG_TRANSDUCEREQUALIZERTYPE,FIR_coef_304,int,32,17856
1007,CONFIG_TRANSDUCEREQUALIZERTYPE,FIR_coef_305,int,32,17888
1008,CONFIG_TRANSDUCEREQUALIZERTYPE,FIR_coef_306,int,32,17920
1009,CONFIG_TRANSDUCEREQUALIZERTYPE,FIR_coef_307,int,32,17952
1010,CONFIG_TRANSDUCEREQUALIZERTYPE,FIR_coef_308,int,32,17984
1011,CONFIG_TRANSDUCEREQUALIZERTYPE,FIR_coef_309,int,32,18016
1012,CONFIG_TRANSDUCEREQUALIZERTYPE,FIR_coef_310,int,32,18048
1013,CONFIG_TRANSDUCEREQUALIZERTYPE,FIR_coef_311,int,32,18080
1014,CONFIG_TRANSDUCEREQUALIZERTYPE,FIR_coef_312,int,32,18112
1015,CONFIG_TRANSDUCEREQUALIZERTYPE,FIR_coef_313,int,32,18144
1016,CONFIG_TRANSDUCEREQUALIZERTYPE,FIR_coef_314,int,32,18176
1017,CONFIG_TRANSDUCEREQUALIZERTYPE,FIR_coef_315,int,32,18208
1018,CONFIG_TRANSDUCEREQUALIZERTYPE,FIR_coef_316,int,32,18240
1019,CONFIG_TRANSDUCEREQUALIZERTYPE,FIR_coef_317,int,32,18272
1020,CONFIG_TRANSDUCEREQUALIZERTYPE,FIR_coef_318,int,32,18304
1021,CONFIG_TRANSDUCEREQUALIZERTYPE,FIR_coef_319,int,32,18336
1022,CONFIG_TRANSDUCEREQUALIZERTYPE,FIR_coef_320,int,32,18368
1023,CONFIG_TRANSDUCEREQUALIZERTYPE,FIR_coef_321,int,32,18400
1024,CONFIG_TRANSDUCEREQUALIZERTYPE,FIR_coef_322,int,32,18432
1025,CONFIG_TRANSDUCEREQUALIZERTYPE,FIR_coef_323,int,32,18464
1026,CONFIG_TRANSDUCEREQUALIZERTYPE,FIR_coef_324,int,32,18496
1027,CONFIG_TRANSDUCEREQUALIZERTYPE,FIR_coef_325,int,32,18528
1028,CONFIG_TRANSDUCEREQUALIZERTYPE,FIR_coef_326,int,32,18560
1029,CONFIG_TRANSDUCEREQUALIZERTYPE,FIR_coef_327,int,32,18592
1030,CONFIG_TRANSDUCEREQUALIZERTYPE,FIR_coef_328,int,32,18624
1031,CONFIG_TRANSDUCEREQUALIZERTYPE,FIR_coef_329,int,32,18656
1032,CONFIG_TRANSDUCEREQUALIZERTYPE,FIR_coef_330,int,32,18688
1033,CONFIG_TRANSDUCEREQUALIZERTYPE,FIR_coef_331,int,32,18720
1034,CONFIG_TRANSDUCEREQUALIZERTYPE,FIR_coef_332,int,32,18752
1035,CONFIG_TRANSDUCEREQUALIZERTYPE,FIR_coef_333,int,32,18784
1036,CONFIG_TRANSDUCEREQUALIZERTYPE,FIR_coef_334,int,32,18816
1037,CONFIG_TRANSDUCEREQUALIZERTYPE,FIR_coef_335,int,32,18848
1038,CONFIG_TRANSDUCEREQUALIZERTYPE,FIR_coef_336,int,32,18880
1039,CONFIG_TRANSDUCEREQUALIZERTYPE,FIR_coef_337,int,32,18912
1040,CONFIG_TRANSDUCEREQUALIZERTYPE,FIR_coef_338,int,32,18944
1041,CONFIG_TRANSDUCEREQUALIZERTYPE,FIR_coef_339,int,32,18976
1042,CONFIG_TRANSDUCEREQUALIZERTYPE,FIR_coef_340,int,32,19008
1043,CONFIG_TRANSDUCEREQUALIZERTYPE,FIR_coef_341,int,32,19040
1044,CONFIG_TRANSDUCEREQUALIZERTYPE,FIR_coef_342,int,32,19072
1045,CONFIG_TRANSDUCEREQUALIZERTYPE,FIR_coef_343,int,32,19104
1046,CONFIG_TRANSDUCEREQUALIZERTYPE,FIR_coef_344,int,32,19136
1047,CONFIG_TRANSDUCEREQUALIZERTYPE,FIR_coef_345,int,32,19168
1048,CONFIG_TRANSDUCEREQUALIZERTYPE,FIR_coef_346,int,32,19200
1049,CONFIG_TRANSDUCEREQUALIZERTYPE,FIR_coef_347,int,32,19232
1050,CONFIG_TRANSDUCEREQUALIZERTYPE,FIR_coef_348,int,32,19264
1051,CONFIG_TRANSDUCEREQUALIZERTYPE,FIR_coef_349,int,32,19296
1052,CONFIG_TRANSDUCEREQUALIZERTYPE,FIR_coef_350,int,32,19328
1053,CONFIG_TRANSDUCEREQUALIZERTYPE,FIR_coef_351,int,32,19360
1054,CONFIG_TRANSDUCEREQUALIZERTYPE,FIR_coef_352,int,32,19392
1055,CONFIG_TRANSDUCEREQUALIZERTYPE,FIR_coef_353,int,32,19424
1056,CONFIG_TRANSDUCEREQUALIZERTYPE,FIR_coef_354,int,32,19456
1057,CONFIG_TRANSDUCEREQUALIZERTYPE,FIR_coef_355,int,32,19488
1058,CONFIG_TRANSDUCEREQUALIZERTYPE,FIR_coef_356,int,32,19520
1059,CONFIG_TRANSDUCEREQUALIZERTYPE,FIR_coef_357,int,32,19552
1060,CONFIG_TRANSDUCEREQUALIZERTYPE,FIR_coef_358,int,32,19584
1061,CONFIG_TRANSDUCEREQUALIZERTYPE,FIR_coef_359,int,32,19616
1062,CONFIG_TRANSDUCEREQUALIZERTYPE,FIR_coef_360,int,32,19648
1063,CONFIG_TRANSDUCEREQUALIZERTYPE,FIR_coef_361,int,32,19680
1064,CONFIG_TRANSDUCEREQUALIZERTYPE,FIR_coef_362,int,32,19712
1065,CONFIG_TRANSDUCEREQUALIZERTYPE,FIR_coef_363,int,32,19744
1066,CONFIG_TRANSDUCEREQUALIZERTYPE,FIR_coef_364,int,32,19776
1067,CONFIG_TRANSDUCEREQUALIZERTYPE,FIR_coef_365,int,32,19808
1068,CONFIG_TRANSDUCEREQUALIZERTYPE,FIR_coef_366,int,32,19840
1069,CONFIG_TRANSDUCEREQUALIZERTYPE,FIR_coef_367,int,32,19872
1070,CONFIG_TRANSDUCEREQUALIZERTYPE,FIR_coef_368,int,32,19904
1071,CONFIG_TRANSDUCEREQUALIZERTYPE,FIR_coef_369,int,32,19936
1072,CONFIG_TRANSDUCEREQUALIZERTYPE,FIR_coef_370,int,32,19968
1073,CONFIG_TRANSDUCEREQUALIZERTYPE,FIR_coef_371,int,32,20000
1074,CONFIG_TRANSDUCEREQUALIZERTYPE,FIR_coef_372,int,32,20032
1075,CONFIG_TRANSDUCEREQUALIZERTYPE,FIR_coef_373,int,32,20064
1076,CONFIG_TRANSDUCEREQUALIZERTYPE,FIR_coef_374,int,32,20096
1077,CONFIG_TRANSDUCEREQUALIZERTYPE,FIR_coef_375,int,32,20128
1078,CONFIG_TRANSDUCEREQUALIZERTYPE,FIR_coef_376,int,32,20160
1079,CONFIG_TRANSDUCEREQUALIZERTYPE,FIR_coef_377,int,32,20192
1080,CONFIG_TRANSDUCEREQUALIZERTYPE,FIR_coef_378,int,32,20224
1081,CONFIG_TRANSDUCEREQUALIZERTYPE,FIR_coef_379,int,32,20256
1082,CONFIG_TRANSDUCEREQUALIZERTYPE,FIR_coef_380,int,32,20288
1083,CONFIG_TRANSDUCEREQUALIZERTYPE,FIR_coef_381,int,32,20320
1084,CONFIG_TRANSDUCEREQUALIZERTYPE,FIR_coef_382,int,32,20352
1085,CONFIG_TRANSDUCEREQUALIZERTYPE,FIR_coef_383,int,32,20384
1086,CONFIG_TRANSDUCEREQUALIZERTYPE,FIR_coef_384,int,32,20416
1087,CONFIG_TRANSDUCEREQUALIZERTYPE,FIR_coef_385,int,32,20448
1088,CONFIG_TRANSDUCEREQUALIZERTYPE,FIR_coef_386,int,32,20480
1089,CONFIG_TRANSDUCEREQUALIZERTYPE,FIR_coef_387,int,32,20512
1090,CONFIG_TRANSDUCEREQUALIZERTYPE,FIR_coef_388,int,32,20544
1091,CONFIG_TRANSDUCEREQUALIZERTYPE,FIR_coef_389,int,32,20576
1092,CONFIG_TRANSDUCEREQUALIZERTYPE,FIR_coef_390,int,32,20608
1093,CONFIG_TRANSDUCEREQUALIZERTYPE,FIR_coef_391,int,32,20640
1094,CONFIG_TRANSDUCEREQUALIZERTYPE,FIR_coef_392,int,32,20672
1095,CONFIG_TRANSDUCEREQUALIZERTYPE,FIR_coef_393,int,32,20704
1096,CONFIG_TRANSDUCEREQUALIZERTYPE,FIR_coef_394,int,32,20736
1097,CONFIG_TRANSDUCEREQUALIZERTYPE,FIR_coef_395,int,32,20768
1098,CONFIG_TRANSDUCEREQUALIZERTYPE,FIR_coef_396,int,32,20800
1099,CONFIG_TRANSDUCEREQUALIZERTYPE,FIR_coef_397,int,32,20832
1100,CONFIG_TRANSDUCEREQUALIZERTYPE,FIR_coef_398,int,32,20864
1101,CONFIG_TRANSDUCEREQUALIZERTYPE,FIR_coef_399,int,32,20896
1102,CONFIG_TRANSDUCEREQUALIZERTYPE,bEnable,int,32,20928
1103,CONFIG_TRANSDUCEREQUALIZERTYPE,bAutomaticTransitionGain,int,32,20960
1104,CONFIG_TRANSDUCEREQUALIZERTYPE,transition_gain_exp_l,int,16,20992
1105,CONFIG_TRANSDUCEREQUALIZERTYPE,transition_gain_mant_l,int,32,21024
1106,CONFIG_TRANSDUCEREQUALIZERTYPE,transition_gain_exp_r,int,16,21056
1107,CONFIG_TRANSDUCEREQUALIZERTYPE,transition_gain_mant_r,int,32,21088
1108,CONFIG_TRANSDUCEREQUALIZERTYPE,smoothing_delay_ms,int,32,21120
1109,PARAM_SPLTYPE,MemoryPreset,int,16,64
1110,PARAM_SPLTYPE,nType,int,16,80
1111,PARAM_SPLTYPE,nAttackTime,int,16,96
1112,PARAM_SPLTYPE,nReleaseTime,int,16,112
1113,CONFIG_SPLLIMITTYPE,nPortIndex,int,32,64
1114,CONFIG_SPLLIMITTYPE,bEnable,int,32,96
1115,CONFIG_SPLLIMITTYPE,eMode,int,32,128
1116,CONFIG_SPLLIMITTYPE,nSplLimit,int,32,160
1117,CONFIG_SPLLIMITTYPE,nGain,int,32,192
1118,VIRTUALSURROUNDTYPE,nPortIndex,int,32,64
1119,VIRTUALSURROUNDTYPE,bEnable,int,32,96
1120,VIRTUALSURROUNDTYPE,eVirtualSurroundMode,int,32,128
1121,VIRTUALSURROUNDTYPE,bRoomSimulationFrontEnable,int,32,160
1122,VIRTUALSURROUNDTYPE,bRoomSimulationSurroundEnable,int,32,192
1123,VIRTUALSURROUNDTYPE,eRoomSimulationMode,int,32,224
1124,VIRTUALSURROUNDTYPE,eRoomSimulationRoomType,int,32,256
1125,VIRTUALSURROUNDTYPE,nVirtualSurroundLeftFrontGain.nValue,int,32,288
1126,VIRTUALSURROUNDTYPE,nVirtualSurroundRightFrontGain.nValue,int,32,384
1127,VIRTUALSURROUNDTYPE,nVirtualSurroundCenterFrontGain.nValue,int,32,480
1128,VIRTUALSURROUNDTYPE,nVirtualSurroundLeftSurroundGain.nValue,int,32,576
1129,VIRTUALSURROUNDTYPE,nVirtualSurroundRightSurroundGain.nValue,int,32,672
1130,VIRTUALSURROUNDTYPE,nVirtualSurroundLowFrequencyEffectsGain.nValue,int,32,768
1131,VIRTUALSURROUNDTYPE,nVirtualSurroundFrontRoomSimulationGain.nValue,int,32,864
1132,VIRTUALSURROUNDTYPE,nVirtualSurroundSurroundRoomSimulationGain.nValue,int,32,960
1133,CONFIG_NOISEREDUCTIONTYPE,nPortIndex,int,32,64
1134,CONFIG_NOISEREDUCTIONTYPE,bEnable,int,32,96
1135,CONFIG_NOISEREDUCTIONTYPE,nAdaptiveHighPassFilter,int,16,160
1136,CONFIG_NOISEREDUCTIONTYPE,nDesiredNoiseReduction,int,16,176
1137,CONFIG_NOISEREDUCTIONTYPE,nNrCutOffFrequency,int,16,192
1138,CONFIG_NOISEREDUCTIONTYPE,nNoiseReductionDuringSpeech,int,16,208
1139,CONFIG_NOISEREDUCTIONTYPE,nNoiseReductionTradeoff,int,16,224
1140,CONFIG_NOISEREDUCTIONTYPE,nNoiseFloorPower,int,16,240
1141,CONFIG_NOISEREDUCTIONTYPE,nHighPassFilterSnrThreshold,int,16,256
1142,CONFIG_NOISEREDUCTIONTYPE,nHighPassCutOffMargin,int,16,272
1143,SPEECHCUSTOMERTYPE,nPortIndex,int,32,64
1144,SPEECHCUSTOMERTYPE,bEnable,int,32,96
1145,SPEECHCUSTOMERTYPE,nData_0,int,16,128
1146,SPEECHCUSTOMERTYPE,nData_1,int,16,144
1147,SPEECHCUSTOMERTYPE,nData_2,int,16,160
1148,SPEECHCUSTOMERTYPE,nData_3,int,16,176
1149,SPEECHCUSTOMERTYPE,nData_4,int,16,192
1150,SPEECHCUSTOMERTYPE,nData_5,int,16,208
1151,SPEECHCUSTOMERTYPE,nData_6,int,16,224
1152,SPEECHCUSTOMERTYPE,nData_7,int,16,240
1153,SPEECHCUSTOMERTYPE,nData_8,int,16,256
1154,SPEECHCUSTOMERTYPE,nData_9,int,16,272
1155,SPEECHCUSTOMERTYPE,nData_10,int,16,288
1156,SPEECHCUSTOMERTYPE,nData_11,int,16,304
1157,SPEECHCUSTOMERTYPE,nData_12,int,16,320
1158,SPEECHCUSTOMERTYPE,nData_13,int,16,336
1159,SPEECHCUSTOMERTYPE,nData_14,int,16,352
1160,SPEECHCUSTOMERTYPE,nData_15,int,16,368
1161,SPEECHCUSTOMERTYPE,nData_16,int,16,384
1162,SPEECHCUSTOMERTYPE,nData_17,int,16,400
1163,SPEECHCUSTOMERTYPE,nData_18,int,16,416
1164,SPEECHCUSTOMERTYPE,nData_19,int,16,432
1165,SPEECHCUSTOMERTYPE,nData_20,int,16,448
1166,SPEECHCUSTOMERTYPE,nData_21,int,16,464
1167,SPEECHCUSTOMERTYPE,nData_22,int,16,480
1168,SPEECHCUSTOMERTYPE,nData_23,int,16,496
1169,SPEECHCUSTOMERTYPE,nData_24,int,16,512
1170,SPEECHCUSTOMERTYPE,nData_25,int,16,528
1171,SPEECHCUSTOMERTYPE,nData_26,int,16,544
1172,SPEECHCUSTOMERTYPE,nData_27,int,16,560
1173,SPEECHCUSTOMERTYPE,nData_28,int,16,576
1174,SPEECHCUSTOMERTYPE,nData_29,int,16,592
1175,SPEECHCUSTOMERTYPE,nData_30,int,16,608
1176,SPEECHCUSTOMERTYPE,nData_31,int,16,624
1177,SPEECHCUSTOMERTYPE,nData_32,int,16,640
1178,SPEECHCUSTOMERTYPE,nData_33,int,16,656
1179,SPEECHCUSTOMERTYPE,nData_34,int,16,672
1180,SPEECHCUSTOMERTYPE,nData_35,int,16,688
1181,SPEECHCUSTOMERTYPE,nData_36,int,16,704
1182,SPEECHCUSTOMERTYPE,nData_37,int,16,720
1183,SPEECHCUSTOMERTYPE,nData_38,int,16,736
1184,SPEECHCUSTOMERTYPE,nData_39,int,16,752
1185,SPEECHCUSTOMERTYPE,nData_40,int,16,768
1186,SPEECHCUSTOMERTYPE,nData_41,int,16,784
1187,SPEECHCUSTOMERTYPE,nData_42,int,16,800
1188,SPEECHCUSTOMERTYPE,nData_43,int,16,816
1189,SPEECHCUSTOMERTYPE,nData_44,int,16,832
1190,SPEECHCUSTOMERTYPE,nData_45,int,16,848
1191,SPEECHCUSTOMERTYPE,nData_46,int,16,864
1192,SPEECHCUSTOMERTYPE,nData_47,int,16,880
1193,SPEECHCUSTOMERTYPE,nData_48,int,16,896
1194,SPEECHCUSTOMERTYPE,nData_49,int,16,912
1195,SPEECHCUSTOMERTYPE,nData_50,int,16,928
1196,SPEECHCUSTOMERTYPE,nData_51,int,16,944
1197,SPEECHCUSTOMERTYPE,nData_52,int,16,960
1198,SPEECHCUSTOMERTYPE,nData_53,int,16,976
1199,SPEECHCUSTOMERTYPE,nData_54,int,16,992
1200,SPEECHCUSTOMERTYPE,nData_55,int,16,1008
1201,SPEECHCUSTOMERTYPE,nData_56,int,16,1024
1202,SPEECHCUSTOMERTYPE,nData_57,int,16,1040
1203,SPEECHCUSTOMERTYPE,nData_58,int,16,1056
1204,SPEECHCUSTOMERTYPE,nData_59,int,16,1072
1205,SPEECHCUSTOMERTYPE,nData_60,int,16,1088
1206,SPEECHCUSTOMERTYPE,nData_61,int,16,1104
1207,SPEECHCUSTOMERTYPE,nData_62,int,16,1120
1208,SPEECHCUSTOMERTYPE,nData_63,int,16,1136
1209,SPEECHCUSTOMERTYPE,nData_64,int,16,1152
1210,SPEECHCUSTOMERTYPE,nData_65,int,16,1168
1211,SPEECHCUSTOMERTYPE,nData_66,int,16,1184
1212,SPEECHCUSTOMERTYPE,nData_67,int,16,1200
1213,SPEECHCUSTOMERTYPE,nData_68,int,16,1216
1214,SPEECHCUSTOMERTYPE,nData_69,int,16,1232
1215,SPEECHCUSTOMERTYPE,nData_70,int,16,1248
1216,SPEECHCUSTOMERTYPE,nData_71,int,16,1264
1217,SPEECHCUSTOMERTYPE,nData_72,int,16,1280
1218,SPEECHCUSTOMERTYPE,nData_73,int,16,1296
1219,SPEECHCUSTOMERTYPE,nData_74,int,16,1312
1220,SPEECHCUSTOMERTYPE,nData_75,int,16,1328
1221,SPEECHCUSTOMERTYPE,nData_76,int,16,1344
1222,SPEECHCUSTOMERTYPE,nData_77,int,16,1360
1223,SPEECHCUSTOMERTYPE,nData_78,int,16,1376
1224,SPEECHCUSTOMERTYPE,nData_79,int,16,1392
1225,SPEECHCUSTOMERTYPE,nData_80,int,16,1408
1226,SPEECHCUSTOMERTYPE,nData_81,int,16,1424
1227,SPEECHCUSTOMERTYPE,nData_82,int,16,1440
1228,SPEECHCUSTOMERTYPE,nData_83,int,16,1456
1229,SPEECHCUSTOMERTYPE,nData_84,int,16,1472
1230,SPEECHCUSTOMERTYPE,nData_85,int,16,1488
1231,SPEECHCUSTOMERTYPE,nData_86,int,16,1504
1232,SPEECHCUSTOMERTYPE,nData_87,int,16,1520
1233,SPEECHCUSTOMERTYPE,nData_88,int,16,1536
1234,SPEECHCUSTOMERTYPE,nData_89,int,16,1552
1235,SPEECHCUSTOMERTYPE,nData_90,int,16,1568
1236,SPEECHCUSTOMERTYPE,nData_91,int,16,1584
1237,SPEECHCUSTOMERTYPE,nData_92,int,16,1600
1238,SPEECHCUSTOMERTYPE,nData_93,int,16,1616
1239,SPEECHCUSTOMERTYPE,nData_94,int,16,1632
1240,SPEECHCUSTOMERTYPE,nData_95,int,16,1648
1241,SPEECHCUSTOMERTYPE,nData_96,int,16,1664
1242,SPEECHCUSTOMERTYPE,nData_97,int,16,1680
1243,SPEECHCUSTOMERTYPE,nData_98,int,16,1696
1244,SPEECHCUSTOMERTYPE,nData_99,int,16,1712
1245,SPEECHCUSTOMERTYPE,nData_100,int,16,1728
1246,SPEECHCUSTOMERTYPE,nData_101,int,16,1744
1247,SPEECHCUSTOMERTYPE,nData_102,int,16,1760
1248,SPEECHCUSTOMERTYPE,nData_103,int,16,1776
1249,SPEECHCUSTOMERTYPE,nData_104,int,16,1792
1250,SPEECHCUSTOMERTYPE,nData_105,int,16,1808
1251,SPEECHCUSTOMERTYPE,nData_106,int,16,1824
1252,SPEECHCUSTOMERTYPE,nData_107,int,16,1840
1253,SPEECHCUSTOMERTYPE,nData_108,int,16,1856
1254,SPEECHCUSTOMERTYPE,nData_109,int,16,1872
1255,SPEECHCUSTOMERTYPE,nData_110,int,16,1888
1256,SPEECHCUSTOMERTYPE,nData_111,int,16,1904
1257,SPEECHCUSTOMERTYPE,nData_112,int,16,1920
1258,SPEECHCUSTOMERTYPE,nData_113,int,16,1936
1259,SPEECHCUSTOMERTYPE,nData_114,int,16,1952
1260,SPEECHCUSTOMERTYPE,nData_115,int,16,1968
1261,SPEECHCUSTOMERTYPE,nData_116,int,16,1984
1262,SPEECHCUSTOMERTYPE,nData_117,int,16,2000
1263,SPEECHCUSTOMERTYPE,nData_118,int,16,2016
1264,SPEECHCUSTOMERTYPE,nData_119,int,16,2032
1265,SPEECHCUSTOMERTYPE,nData_120,int,16,2048
1266,SPEECHCUSTOMERTYPE,nData_121,int,16,2064
1267,SPEECHCUSTOMERTYPE,nData_122,int,16,2080
1268,SPEECHCUSTOMERTYPE,nData_123,int,16,2096
1269,SPEECHCUSTOMERTYPE,nData_124,int,16,2112
1270,SPEECHCUSTOMERTYPE,nData_125,int,16,2128
1271,SPEECHCUSTOMERTYPE,nData_126,int,16,2144
1272,SPEECHCUSTOMERTYPE,nData_127,int,16,2160
1273,SPEECHCUSTOMERTYPE,nData_128,int,16,2176
1274,SPEECHCUSTOMERTYPE,nData_129,int,16,2192
1275,SPEECHCUSTOMERTYPE,nData_130,int,16,2208
1276,SPEECHCUSTOMERTYPE,nData_131,int,16,2224
1277,SPEECHCUSTOMERTYPE,nData_132,int,16,2240
1278,SPEECHCUSTOMERTYPE,nData_133,int,16,2256
1279,SPEECHCUSTOMERTYPE,nData_134,int,16,2272
1280,SPEECHCUSTOMERTYPE,nData_135,int,16,2288
1281,SPEECHCUSTOMERTYPE,nData_136,int,16,2304
1282,SPEECHCUSTOMERTYPE,nData_137,int,16,2320
1283,SPEECHCUSTOMERTYPE,nData_138,int,16,2336
1284,SPEECHCUSTOMERTYPE,nData_139,int,16,2352
1285,SPEECHCUSTOMERTYPE,nData_140,int,16,2368
1286,SPEECHCUSTOMERTYPE,nData_141,int,16,2384
1287,SPEECHCUSTOMERTYPE,nData_142,int,16,2400
1288,SPEECHCUSTOMERTYPE,nData_143,int,16,2416
1289,SPEECHCUSTOMERTYPE,nData_144,int,16,2432
1290,SPEECHCUSTOMERTYPE,nData_145,int,16,2448
1291,SPEECHCUSTOMERTYPE,nData_146,int,16,2464
1292,SPEECHCUSTOMERTYPE,nData_147,int,16,2480
1293,SPEECHCUSTOMERTYPE,nData_148,int,16,2496
1294,SPEECHCUSTOMERTYPE,nData_149,int,16,2512
1295,SPEECHCUSTOMERTYPE,nData_150,int,16,2528
1296,SPEECHCUSTOMERTYPE,nData_151,int,16,2544
1297,SPEECHCUSTOMERTYPE,nData_152,int,16,2560
1298,SPEECHCUSTOMERTYPE,nData_153,int,16,2576
1299,SPEECHCUSTOMERTYPE,nData_154,int,16,2592
1300,SPEECHCUSTOMERTYPE,nData_155,int,16,2608
1301,SPEECHCUSTOMERTYPE,nData_156,int,16,2624
1302,SPEECHCUSTOMERTYPE,nData_157,int,16,2640
1303,SPEECHCUSTOMERTYPE,nData_158,int,16,2656
1304,SPEECHCUSTOMERTYPE,nData_159,int,16,2672
1305,SPEECHCUSTOMERTYPE,nData_160,int,16,2688
1306,SPEECHCUSTOMERTYPE,nData_161,int,16,2704
1307,SPEECHCUSTOMERTYPE,nData_162,int,16,2720
1308,SPEECHCUSTOMERTYPE,nData_163,int,16,2736
1309,SPEECHCUSTOMERTYPE,nData_164,int,16,2752
1310,SPEECHCUSTOMERTYPE,nData_165,int,16,2768
1311,SPEECHCUSTOMERTYPE,nData_166,int,16,2784
1312,SPEECHCUSTOMERTYPE,nData_167,int,16,2800
1313,SPEECHCUSTOMERTYPE,nData_168,int,16,2816
1314,SPEECHCUSTOMERTYPE,nData_169,int,16,2832
1315,SPEECHCUSTOMERTYPE,nData_170,int,16,2848
1316,SPEECHCUSTOMERTYPE,nData_171,int,16,2864
1317,SPEECHCUSTOMERTYPE,nData_172,int,16,2880
1318,SPEECHCUSTOMERTYPE,nData_173,int,16,2896
1319,SPEECHCUSTOMERTYPE,nData_174,int,16,2912
1320,SPEECHCUSTOMERTYPE,nData_175,int,16,2928
1321,SPEECHCUSTOMERTYPE,nData_176,int,16,2944
1322,SPEECHCUSTOMERTYPE,nData_177,int,16,2960
1323,SPEECHCUSTOMERTYPE,nData_178,int,16,2976
1324,SPEECHCUSTOMERTYPE,nData_179,int,16,2992
1325,SPEECHCUSTOMERTYPE,nData_180,int,16,3008
1326,SPEECHCUSTOMERTYPE,nData_181,int,16,3024
1327,SPEECHCUSTOMERTYPE,nData_182,int,16,3040
1328,SPEECHCUSTOMERTYPE,nData_183,int,16,3056
1329,SPEECHCUSTOMERTYPE,nData_184,int,16,3072
1330,SPEECHCUSTOMERTYPE,nData_185,int,16,3088
1331,SPEECHCUSTOMERTYPE,nData_186,int,16,3104
1332,SPEECHCUSTOMERTYPE,nData_187,int,16,3120
1333,SPEECHCUSTOMERTYPE,nData_188,int,16,3136
1334,SPEECHCUSTOMERTYPE,nData_189,int,16,3152
1335,SPEECHCUSTOMERTYPE,nData_190,int,16,3168
1336,SPEECHCUSTOMERTYPE,nData_191,int,16,3184
1337,SPEECHCUSTOMERTYPE,nData_192,int,16,3200
1338,SPEECHCUSTOMERTYPE,nData_193,int,16,3216
1339,SPEECHCUSTOMERTYPE,nData_194,int,16,3232
1340,SPEECHCUSTOMERTYPE,nData_195,int,16,3248
1341,SPEECHCUSTOMERTYPE,nData_196,int,16,3264
1342,SPEECHCUSTOMERTYPE,nData_197,int,16,3280
1343,SPEECHCUSTOMERTYPE,nData_198,int,16,3296
1344,SPEECHCUSTOMERTYPE,nData_199,int,16,3312
1345,SPEECHCUSTOMERTYPE,nData_200,int,16,3328
1346,SPEECHCUSTOMERTYPE,nData_201,int,16,3344
1347,SPEECHCUSTOMERTYPE,nData_202,int,16,3360
1348,SPEECHCUSTOMERTYPE,nData_203,int,16,3376
1349,SPEECHCUSTOMERTYPE,nData_204,int,16,3392
1350,SPEECHCUSTOMERTYPE,nData_205,int,16,3408
1351,SPEECHCUSTOMERTYPE,nData_206,int,16,3424
1352,SPEECHCUSTOMERTYPE,nData_207,int,16,3440
1353,SPEECHCUSTOMERTYPE,nData_208,int,16,3456
1354,SPEECHCUSTOMERTYPE,nData_209,int,16,3472
1355,SPEECHCUSTOMERTYPE,nData_210,int,16,3488
1356,SPEECHCUSTOMERTYPE,nData_211,int,16,3504
1357,SPEECHCUSTOMERTYPE,nData_212,int,16,3520
1358,SPEECHCUSTOMERTYPE,nData_213,int,16,3536
1359,SPEECHCUSTOMERTYPE,nData_214,int,16,3552
1360,SPEECHCUSTOMERTYPE,nData_215,int,16,3568
1361,SPEECHCUSTOMERTYPE,nData_216,int,16,3584
1362,SPEECHCUSTOMERTYPE,nData_217,int,16,3600
1363,SPEECHCUSTOMERTYPE,nData_218,int,16,3616
1364,SPEECHCUSTOMERTYPE,nData_219,int,16,3632
1365,SPEECHCUSTOMERTYPE,nData_220,int,16,3648
1366,SPEECHCUSTOMERTYPE,nData_221,int,16,3664
1367,SPEECHCUSTOMERTYPE,nData_222,int,16,3680
1368,SPEECHCUSTOMERTYPE,nData_223,int,16,3696
1369,SPEECHCUSTOMERTYPE,nData_224,int,16,3712
1370,SPEECHCUSTOMERTYPE,nData_225,int,16,3728
1371,SPEECHCUSTOMERTYPE,nData_226,int,16,3744
1372,SPEECHCUSTOMERTYPE,nData_227,int,16,3760
1373,SPEECHCUSTOMERTYPE,nData_228,int,16,3776
1374,SPEECHCUSTOMERTYPE,nData_229,int,16,3792
1375,SPEECHCUSTOMERTYPE,nData_230,int,16,3808
1376,SPEECHCUSTOMERTYPE,nData_231,int,16,3824
1377,SPEECHCUSTOMERTYPE,nData_232,int,16,3840
1378,SPEECHCUSTOMERTYPE,nData_233,int,16,3856
1379,SPEECHCUSTOMERTYPE,nData_234,int,16,3872
1380,SPEECHCUSTOMERTYPE,nData_235,int,16,3888
1381,SPEECHCUSTOMERTYPE,nData_236,int,16,3904
1382,SPEECHCUSTOMERTYPE,nData_237,int,16,3920
1383,SPEECHCUSTOMERTYPE,nData_238,int,16,3936
1384,SPEECHCUSTOMERTYPE,nData_239,int,16,3952
1385,SPEECHCUSTOMERTYPE,nData_240,int,16,3968
1386,SPEECHCUSTOMERTYPE,nData_241,int,16,3984
1387,SPEECHCUSTOMERTYPE,nData_242,int,16,4000
1388,SPEECHCUSTOMERTYPE,nData_243,int,16,4016
1389,SPEECHCUSTOMERTYPE,nData_244,int,16,4032
1390,SPEECHCUSTOMERTYPE,nData_245,int,16,4048
1391,SPEECHCUSTOMERTYPE,nData_246,int,16,4064
1392,SPEECHCUSTOMERTYPE,nData_247,int,16,4080
1393,SPEECHCUSTOMERTYPE,nData_248,int,16,4096
1394,SPEECHCUSTOMERTYPE,nData_249,int,16,4112
1395,SPEECHCUSTOMERTYPE,nData_250,int,16,4128
1396,SPEECHCUSTOMERTYPE,nData_251,int,16,4144
1397,SPEECHCUSTOMERTYPE,nData_252,int,16,4160
1398,SPEECHCUSTOMERTYPE,nData_253,int,16,4176
1399,SPEECHCUSTOMERTYPE,nData_254,int,16,4192
1400,SPEECHCUSTOMERTYPE,nData_255,int,16,4208
1401,SPEECHCUSTOMERTYPE,nPortIndex,int,32,64
1402,SPEECHCUSTOMERTYPE,bEnable,int,32,96
1403,SPEECHCUSTOMERTYPE,nData_0,int,16,128
1404,SPEECHCUSTOMERTYPE,nData_1,int,16,144
1405,SPEECHCUSTOMERTYPE,nData_2,int,16,160
1406,SPEECHCUSTOMERTYPE,nData_3,int,16,176
1407,SPEECHCUSTOMERTYPE,nData_4,int,16,192
1408,SPEECHCUSTOMERTYPE,nData_5,int,16,208
1409,SPEECHCUSTOMERTYPE,nData_6,int,16,224
1410,SPEECHCUSTOMERTYPE,nData_7,int,16,240
1411,SPEECHCUSTOMERTYPE,nData_8,int,16,256
1412,SPEECHCUSTOMERTYPE,nData_9,int,16,272
1413,SPEECHCUSTOMERTYPE,nData_10,int,16,288
1414,SPEECHCUSTOMERTYPE,nData_11,int,16,304
1415,SPEECHCUSTOMERTYPE,nData_12,int,16,320
1416,SPEECHCUSTOMERTYPE,nData_13,int,16,336
1417,SPEECHCUSTOMERTYPE,nData_14,int,16,352
1418,SPEECHCUSTOMERTYPE,nData_15,int,16,368
1419,SPEECHCUSTOMERTYPE,nData_16,int,16,384
1420,SPEECHCUSTOMERTYPE,nData_17,int,16,400
1421,SPEECHCUSTOMERTYPE,nData_18,int,16,416
1422,SPEECHCUSTOMERTYPE,nData_19,int,16,432
1423,SPEECHCUSTOMERTYPE,nData_20,int,16,448
1424,SPEECHCUSTOMERTYPE,nData_21,int,16,464
1425,SPEECHCUSTOMERTYPE,nData_22,int,16,480
1426,SPEECHCUSTOMERTYPE,nData_23,int,16,496
1427,SPEECHCUSTOMERTYPE,nData_24,int,16,512
1428,SPEECHCUSTOMERTYPE,nData_25,int,16,528
1429,SPEECHCUSTOMERTYPE,nData_26,int,16,544
1430,SPEECHCUSTOMERTYPE,nData_27,int,16,560
1431,SPEECHCUSTOMERTYPE,nData_28,int,16,576
1432,SPEECHCUSTOMERTYPE,nData_29,int,16,592
1433,SPEECHCUSTOMERTYPE,nData_30,int,16,608
1434,SPEECHCUSTOMERTYPE,nData_31,int,16,624
1435,SPEECHCUSTOMERTYPE,nData_32,int,16,640
1436,SPEECHCUSTOMERTYPE,nData_33,int,16,656
1437,SPEECHCUSTOMERTYPE,nData_34,int,16,672
1438,SPEECHCUSTOMERTYPE,nData_35,int,16,688
1439,SPEECHCUSTOMERTYPE,nData_36,int,16,704
1440,SPEECHCUSTOMERTYPE,nData_37,int,16,720
1441,SPEECHCUSTOMERTYPE,nData_38,int,16,736
1442,SPEECHCUSTOMERTYPE,nData_39,int,16,752
1443,SPEECHCUSTOMERTYPE,nData_40,int,16,768
1444,SPEECHCUSTOMERTYPE,nData_41,int,16,784
1445,SPEECHCUSTOMERTYPE,nData_42,int,16,800
1446,SPEECHCUSTOMERTYPE,nData_43,int,16,816
1447,SPEECHCUSTOMERTYPE,nData_44,int,16,832
1448,SPEECHCUSTOMERTYPE,nData_45,int,16,848
1449,SPEECHCUSTOMERTYPE,nData_46,int,16,864
1450,SPEECHCUSTOMERTYPE,nData_47,int,16,880
1451,SPEECHCUSTOMERTYPE,nData_48,int,16,896
1452,SPEECHCUSTOMERTYPE,nData_49,int,16,912
1453,SPEECHCUSTOMERTYPE,nData_50,int,16,928
1454,SPEECHCUSTOMERTYPE,nData_51,int,16,944
1455,SPEECHCUSTOMERTYPE,nData_52,int,16,960
1456,SPEECHCUSTOMERTYPE,nData_53,int,16,976
1457,SPEECHCUSTOMERTYPE,nData_54,int,16,992
1458,SPEECHCUSTOMERTYPE,nData_55,int,16,1008
1459,SPEECHCUSTOMERTYPE,nData_56,int,16,1024
1460,SPEECHCUSTOMERTYPE,nData_57,int,16,1040
1461,SPEECHCUSTOMERTYPE,nData_58,int,16,1056
1462,SPEECHCUSTOMERTYPE,nData_59,int,16,1072
1463,SPEECHCUSTOMERTYPE,nData_60,int,16,1088
1464,SPEECHCUSTOMERTYPE,nData_61,int,16,1104
1465,SPEECHCUSTOMERTYPE,nData_62,int,16,1120
1466,SPEECHCUSTOMERTYPE,nData_63,int,16,1136
1467,SPEECHCUSTOMERTYPE,nData_64,int,16,1152
1468,SPEECHCUSTOMERTYPE,nData_65,int,16,1168
1469,SPEECHCUSTOMERTYPE,nData_66,int,16,1184
1470,SPEECHCUSTOMERTYPE,nData_67,int,16,1200
1471,SPEECHCUSTOMERTYPE,nData_68,int,16,1216
1472,SPEECHCUSTOMERTYPE,nData_69,int,16,1232
1473,SPEECHCUSTOMERTYPE,nData_70,int,16,1248
1474,SPEECHCUSTOMERTYPE,nData_71,int,16,1264
1475,SPEECHCUSTOMERTYPE,nData_72,int,16,1280
1476,SPEECHCUSTOMERTYPE,nData_73,int,16,1296
1477,SPEECHCUSTOMERTYPE,nData_74,int,16,1312
1478,SPEECHCUSTOMERTYPE,nData_75,int,16,1328
1479,SPEECHCUSTOMERTYPE,nData_76,int,16,1344
1480,SPEECHCUSTOMERTYPE,nData_77,int,16,1360
1481,SPEECHCUSTOMERTYPE,nData_78,int,16,1376
1482,SPEECHCUSTOMERTYPE,nData_79,int,16,1392
1483,SPEECHCUSTOMERTYPE,nData_80,int,16,1408
1484,SPEECHCUSTOMERTYPE,nData_81,int,16,1424
1485,SPEECHCUSTOMERTYPE,nData_82,int,16,1440
1486,SPEECHCUSTOMERTYPE,nData_83,int,16,1456
1487,SPEECHCUSTOMERTYPE,nData_84,int,16,1472
1488,SPEECHCUSTOMERTYPE,nData_85,int,16,1488
1489,SPEECHCUSTOMERTYPE,nData_86,int,16,1504
1490,SPEECHCUSTOMERTYPE,nData_87,int,16,1520
1491,SPEECHCUSTOMERTYPE,nData_88,int,16,1536
1492,SPEECHCUSTOMERTYPE,nData_89,int,16,1552
1493,SPEECHCUSTOMERTYPE,nData_90,int,16,1568
1494,SPEECHCUSTOMERTYPE,nData_91,int,16,1584
1495,SPEECHCUSTOMERTYPE,nData_92,int,16,1600
1496,SPEECHCUSTOMERTYPE,nData_93,int,16,1616
1497,SPEECHCUSTOMERTYPE,nData_94,int,16,1632
1498,SPEECHCUSTOMERTYPE,nData_95,int,16,1648
1499,SPEECHCUSTOMERTYPE,nData_96,int,16,1664
1500,SPEECHCUSTOMERTYPE,nData_97,int,16,1680
1501,SPEECHCUSTOMERTYPE,nData_98,int,16,1696
1502,SPEECHCUSTOMERTYPE,nData_99,int,16,1712
1503,SPEECHCUSTOMERTYPE,nData_100,int,16,1728
1504,SPEECHCUSTOMERTYPE,nData_101,int,16,1744
1505,SPEECHCUSTOMERTYPE,nData_102,int,16,1760
1506,SPEECHCUSTOMERTYPE,nData_103,int,16,1776
1507,SPEECHCUSTOMERTYPE,nData_104,int,16,1792
1508,SPEECHCUSTOMERTYPE,nData_105,int,16,1808
1509,SPEECHCUSTOMERTYPE,nData_106,int,16,1824
1510,SPEECHCUSTOMERTYPE,nData_107,int,16,1840
1511,SPEECHCUSTOMERTYPE,nData_108,int,16,1856
1512,SPEECHCUSTOMERTYPE,nData_109,int,16,1872
1513,SPEECHCUSTOMERTYPE,nData_110,int,16,1888
1514,SPEECHCUSTOMERTYPE,nData_111,int,16,1904
1515,SPEECHCUSTOMERTYPE,nData_112,int,16,1920
1516,SPEECHCUSTOMERTYPE,nData_113,int,16,1936
1517,SPEECHCUSTOMERTYPE,nData_114,int,16,1952
1518,SPEECHCUSTOMERTYPE,nData_115,int,16,1968
1519,SPEECHCUSTOMERTYPE,nData_116,int,16,1984
1520,SPEECHCUSTOMERTYPE,nData_117,int,16,2000
1521,SPEECHCUSTOMERTYPE,nData_118,int,16,2016
1522,SPEECHCUSTOMERTYPE,nData_119,int,16,2032
1523,SPEECHCUSTOMERTYPE,nData_120,int,16,2048
1524,SPEECHCUSTOMERTYPE,nData_121,int,16,2064
1525,SPEECHCUSTOMERTYPE,nData_122,int,16,2080
1526,SPEECHCUSTOMERTYPE,nData_123,int,16,2096
1527,SPEECHCUSTOMERTYPE,nData_124,int,16,2112
1528,SPEECHCUSTOMERTYPE,nData_125,int,16,2128
1529,SPEECHCUSTOMERTYPE,nData_126,int,16,2144
1530,SPEECHCUSTOMERTYPE,nData_127,int,16,2160
1531,SPEECHCUSTOMERTYPE,nData_128,int,16,2176
1532,SPEECHCUSTOMERTYPE,nData_129,int,16,2192
1533,SPEECHCUSTOMERTYPE,nData_130,int,16,2208
1534,SPEECHCUSTOMERTYPE,nData_131,int,16,2224
1535,SPEECHCUSTOMERTYPE,nData_132,int,16,2240
1536,SPEECHCUSTOMERTYPE,nData_133,int,16,2256
1537,SPEECHCUSTOMERTYPE,nData_134,int,16,2272
1538,SPEECHCUSTOMERTYPE,nData_135,int,16,2288
1539,SPEECHCUSTOMERTYPE,nData_136,int,16,2304
1540,SPEECHCUSTOMERTYPE,nData_137,int,16,2320
1541,SPEECHCUSTOMERTYPE,nData_138,int,16,2336
1542,SPEECHCUSTOMERTYPE,nData_139,int,16,2352
1543,SPEECHCUSTOMERTYPE,nData_140,int,16,2368
1544,SPEECHCUSTOMERTYPE,nData_141,int,16,2384
1545,SPEECHCUSTOMERTYPE,nData_142,int,16,2400
1546,SPEECHCUSTOMERTYPE,nData_143,int,16,2416
1547,SPEECHCUSTOMERTYPE,nData_144,int,16,2432
1548,SPEECHCUSTOMERTYPE,nData_145,int,16,2448
1549,SPEECHCUSTOMERTYPE,nData_146,int,16,2464
1550,SPEECHCUSTOMERTYPE,nData_147,int,16,2480
1551,SPEECHCUSTOMERTYPE,nData_148,int,16,2496
1552,SPEECHCUSTOMERTYPE,nData_149,int,16,2512
1553,SPEECHCUSTOMERTYPE,nData_150,int,16,2528
1554,SPEECHCUSTOMERTYPE,nData_151,int,16,2544
1555,SPEECHCUSTOMERTYPE,nData_152,int,16,2560
1556,SPEECHCUSTOMERTYPE,nData_153,int,16,2576
1557,SPEECHCUSTOMERTYPE,nData_154,int,16,2592
1558,SPEECHCUSTOMERTYPE,nData_155,int,16,2608
1559,SPEECHCUSTOMERTYPE,nData_156,int,16,2624
1560,SPEECHCUSTOMERTYPE,nData_157,int,16,2640
1561,SPEECHCUSTOMERTYPE,nData_158,int,16,2656
1562,SPEECHCUSTOMERTYPE,nData_159,int,16,2672
1563,SPEECHCUSTOMERTYPE,nData_160,int,16,2688
1564,SPEECHCUSTOMERTYPE,nData_161,int,16,2704
1565,SPEECHCUSTOMERTYPE,nData_162,int,16,2720
1566,SPEECHCUSTOMERTYPE,nData_163,int,16,2736
1567,SPEECHCUSTOMERTYPE,nData_164,int,16,2752
1568,SPEECHCUSTOMERTYPE,nData_165,int,16,2768
1569,SPEECHCUSTOMERTYPE,nData_166,int,16,2784
1570,SPEECHCUSTOMERTYPE,nData_167,int,16,2800
1571,SPEECHCUSTOMERTYPE,nData_168,int,16,2816
1572,SPEECHCUSTOMERTYPE,nData_169,int,16,2832
1573,SPEECHCUSTOMERTYPE,nData_170,int,16,2848
1574,SPEECHCUSTOMERTYPE,nData_171,int,16,2864
1575,SPEECHCUSTOMERTYPE,nData_172,int,16,2880
1576,SPEECHCUSTOMERTYPE,nData_173,int,16,2896
1577,SPEECHCUSTOMERTYPE,nData_174,int,16,2912
1578,SPEECHCUSTOMERTYPE,nData_175,int,16,2928
1579,SPEECHCUSTOMERTYPE,nData_176,int,16,2944
1580,SPEECHCUSTOMERTYPE,nData_177,int,16,2960
1581,SPEECHCUSTOMERTYPE,nData_178,int,16,2976
1582,SPEECHCUSTOMERTYPE,nData_179,int,16,2992
1583,SPEECHCUSTOMERTYPE,nData_180,int,16,3008
1584,SPEECHCUSTOMERTYPE,nData_181,int,16,3024
1585,SPEECHCUSTOMERTYPE,nData_182,int,16,3040
1586,SPEECHCUSTOMERTYPE,nData_183,int,16,3056
1587,SPEECHCUSTOMERTYPE,nData_184,int,16,3072
1588,SPEECHCUSTOMERTYPE,nData_185,int,16,3088
1589,SPEECHCUSTOMERTYPE,nData_186,int,16,3104
1590,SPEECHCUSTOMERTYPE,nData_187,int,16,3120
1591,SPEECHCUSTOMERTYPE,nData_188,int,16,3136
1592,SPEECHCUSTOMERTYPE,nData_189,int,16,3152
1593,SPEECHCUSTOMERTYPE,nData_190,int,16,3168
1594,SPEECHCUSTOMERTYPE,nData_191,int,16,3184
1595,SPEECHCUSTOMERTYPE,nData_192,int,16,3200
1596,SPEECHCUSTOMERTYPE,nData_193,int,16,3216
1597,SPEECHCUSTOMERTYPE,nData_194,int,16,3232
1598,SPEECHCUSTOMERTYPE,nData_195,int,16,3248
1599,SPEECHCUSTOMERTYPE,nData_196,int,16,3264
1600,SPEECHCUSTOMERTYPE,nData_197,int,16,3280
1601,SPEECHCUSTOMERTYPE,nData_198,int,16,3296
1602,SPEECHCUSTOMERTYPE,nData_199,int,16,3312
1603,SPEECHCUSTOMERTYPE,nData_200,int,16,3328
1604,SPEECHCUSTOMERTYPE,nData_201,int,16,3344
1605,SPEECHCUSTOMERTYPE,nData_202,int,16,3360
1606,SPEECHCUSTOMERTYPE,nData_203,int,16,3376
1607,SPEECHCUSTOMERTYPE,nData_204,int,16,3392
1608,SPEECHCUSTOMERTYPE,nData_205,int,16,3408
1609,SPEECHCUSTOMERTYPE,nData_206,int,16,3424
1610,SPEECHCUSTOMERTYPE,nData_207,int,16,3440
1611,SPEECHCUSTOMERTYPE,nData_208,int,16,3456
1612,SPEECHCUSTOMERTYPE,nData_209,int,16,3472
1613,SPEECHCUSTOMERTYPE,nData_210,int,16,3488
1614,SPEECHCUSTOMERTYPE,nData_211,int,16,3504
1615,SPEECHCUSTOMERTYPE,nData_212,int,16,3520
1616,SPEECHCUSTOMERTYPE,nData_213,int,16,3536
1617,SPEECHCUSTOMERTYPE,nData_214,int,16,3552
1618,SPEECHCUSTOMERTYPE,nData_215,int,16,3568
1619,SPEECHCUSTOMERTYPE,nData_216,int,16,3584
1620,SPEECHCUSTOMERTYPE,nData_217,int,16,3600
1621,SPEECHCUSTOMERTYPE,nData_218,int,16,3616
1622,SPEECHCUSTOMERTYPE,nData_219,int,16,3632
1623,SPEECHCUSTOMERTYPE,nData_220,int,16,3648
1624,SPEECHCUSTOMERTYPE,nData_221,int,16,3664
1625,SPEECHCUSTOMERTYPE,nData_222,int,16,3680
1626,SPEECHCUSTOMERTYPE,nData_223,int,16,3696
1627,SPEECHCUSTOMERTYPE,nData_224,int,16,3712
1628,SPEECHCUSTOMERTYPE,nData_225,int,16,3728
1629,SPEECHCUSTOMERTYPE,nData_226,int,16,3744
1630,SPEECHCUSTOMERTYPE,nData_227,int,16,3760
1631,SPEECHCUSTOMERTYPE,nData_228,int,16,3776
1632,SPEECHCUSTOMERTYPE,nData_229,int,16,3792
1633,SPEECHCUSTOMERTYPE,nData_230,int,16,3808
1634,SPEECHCUSTOMERTYPE,nData_231,int,16,3824
1635,SPEECHCUSTOMERTYPE,nData_232,int,16,3840
1636,SPEECHCUSTOMERTYPE,nData_233,int,16,3856
1637,SPEECHCUSTOMERTYPE,nData_234,int,16,3872
1638,SPEECHCUSTOMERTYPE,nData_235,int,16,3888
1639,SPEECHCUSTOMERTYPE,nData_236,int,16,3904
1640,SPEECHCUSTOMERTYPE,nData_237,int,16,3920
1641,SPEECHCUSTOMERTYPE,nData_238,int,16,3936
1642,SPEECHCUSTOMERTYPE,nData_239,int,16,3952
1643,SPEECHCUSTOMERTYPE,nData_240,int,16,3968
1644,SPEECHCUSTOMERTYPE,nData_241,int,16,3984
1645,SPEECHCUSTOMERTYPE,nData_242,int,16,4000
1646,SPEECHCUSTOMERTYPE,nData_243,int,16,4016
1647,SPEECHCUSTOMERTYPE,nData_244,int,16,4032
1648,SPEECHCUSTOMERTYPE,nData_245,int,16,4048
1649,SPEECHCUSTOMERTYPE,nData_246,int,16,4064
1650,SPEECHCUSTOMERTYPE,nData_247,int,16,4080
1651,SPEECHCUSTOMERTYPE,nData_248,int,16,4096
1652,SPEECHCUSTOMERTYPE,nData_249,int,16,4112
1653,SPEECHCUSTOMERTYPE,nData_250,int,16,4128
1654,SPEECHCUSTOMERTYPE,nData_251,int,16,4144
1655,SPEECHCUSTOMERTYPE,nData_252,int,16,4160
1656,SPEECHCUSTOMERTYPE,nData_253,int,16,4176
1657,SPEECHCUSTOMERTYPE,nData_254,int,16,4192
1658,SPEECHCUSTOMERTYPE,nData_255,int,16,4208
